Name,FighterId,WeightClass,BirthDate,Height,Weight,Reach,Wins,Losses,Draws,NoContests,TechnicalKnockouts,TechnicalKnockoutLosses,Submissions,SubmissionLosses,TitleWins,TitleLosses,TitleDraws,SigStrikesLandedPerMinute,SigStrikeAccuracy,TakedownAverage,SubmissionAverage,StrikeFinishPercentage,TechnicalKnockoutPercentage,DecisionPercentage,WorkAverage
Ray Borg,140000226,Bantamweight,1993-08-04T00:00:00,64.0,135.0,63.0,13,5,0,0,2,0,14,2,0,2,0,3.7,98.7,9.3,2.5,0.0,0.0,43.1,86.025
Lyman Good,140000048,Welterweight,1985-05-26T00:00:00,72.0,170.0,74.0,21,6,0,1,6,0,2,1,2,1,0,3.0,36.6,0.2,0.0,6.0,6.0,0.0,0.0
Glover Teixeira,140000015,Light Heavyweight,1979-10-28T00:00:00,74.0,205.0,76.0,33,7,0,0,17,3,8,0,1,1,0,3.2,54.2,1.8,0.9,16.1,16.1,6.4,5.184000000000001
Chris Gutierrez,140000200,Bantamweight,1991-04-22T00:00:00,69.0,135.0,67.0,17,3,2,0,10,0,2,2,0,0,0,10.3,90.6,1.1,0.4,10.1,10.1,27.1,4.532000000000001
Ashley Yoder,140000415,Women's Strawweight,1987-10-20T00:00:00,67.0,116.0,69.0,8,8,0,0,0,0,4,0,0,0,0,3.1,53.0,1.2,0.6,0.0,0.0,18.7,2.2319999999999998
Charles Byrd,140000129,Middleweight,1983-10-11T00:00:00,70.0,185.0,73.0,10,7,0,0,1,1,1,0,0,0,0,0.8,26.4,0.6,0.3,0.0,0.0,0.0,0.144
Trevin Jones,140001010,Bantamweight,1990-08-04T00:00:00,67.0,135.0,70.0,13,7,0,1,1,0,1,1,0,0,0,0.8,39.3,0.4,0.0,1.7,1.7,0.0,0.0
Geraldo de Freitas,140000031,Bantamweight,1991-09-30T00:00:00,67.0,136.0,72.0,12,6,0,0,2,0,3,0,0,0,0,2.3,46.2,1.8,0.0,0.0,0.0,3.4,0.0
Jake Collier,140000902,Light Heavyweight,1988-10-25T00:00:00,75.0,264.0,78.0,12,6,0,0,3,2,2,1,1,0,0,3.1,34.5,0.3,0.2,3.2,3.2,12.6,0.186
Ryan Spann,140000343,Light Heavyweight,1991-08-24T00:00:00,77.0,206.0,79.0,19,7,0,0,6,4,12,2,1,2,0,4.2,51.2,2.0,2.0,9.5,9.5,9.5,16.8
Anthony Birchak,140001083,Bantamweight,1986-05-16T00:00:00,68.0,135.0,69.0,16,8,0,0,8,3,12,5,2,0,0,6.1,59.2,0.7,0.7,6.5,6.5,6.5,2.9889999999999994
Roman Dolidze,140000923,Light Heavyweight,1988-07-15T00:00:00,74.0,185.0,76.0,9,1,0,0,1,0,1,0,0,0,0,0.7,33.3,0.8,0.4,2.9,2.9,10.8,0.22399999999999998
Eddie Wineland,140000390,Bantamweight,1984-06-26T00:00:00,67.0,135.0,69.0,24,15,1,0,2,1,1,0,0,0,0,0.4,10.2,0.0,0.0,2.2,2.2,0.8,0.0
Ed Herman,140000354,Light Heavyweight,1980-10-02T00:00:00,73.0,205.0,77.0,27,15,0,1,14,6,21,12,0,2,0,6.5,86.6,4.2,2.2,13.1,13.1,13.1,60.06000000000001
Darren Stewart,140000392,Middleweight,1990-12-30T00:00:00,72.0,204.0,74.0,12,8,0,2,9,1,1,3,0,0,0,4.0,60.4,2.3,0.2,10.4,10.4,10.4,1.8399999999999999
Ben Sosoli,140000573,Heavyweight,1989-12-10T00:00:00,72.0,264.0,72.5,7,3,0,2,15,2,0,0,0,0,0,5.7,49.2,0.0,0.0,0.0,0.0,0.0,0.0
Michelle Waterson,140000240,Women's Strawweight,1986-01-06T00:00:00,63.0,125.0,62.0,18,9,0,0,6,2,12,6,2,2,0,6.6,75.4,2.6,1.4,0.0,0.0,20.1,24.023999999999997
Ode' Osbourne,140000479,Bantamweight,1992-01-09T00:00:00,67.0,125.0,73.0,10,4,0,1,2,0,2,1,0,0,0,2.0,31.4,0.5,0.2,2.8,2.8,2.8,0.2
Makwan Amirkhani,140000385,Featherweight,1988-11-08T00:00:00,70.0,146.0,72.0,16,7,0,0,2,5,17,2,0,0,0,3.2,79.8,9.6,2.6,10.2,10.2,13.3,79.872
Victoria Leonardo,140001079,Women's Flyweight,1990-02-16T00:00:00,65.0,125.0,64.0,8,5,0,0,0,1,2,0,0,0,0,1.7,32.6,0.7,0.0,3.4,3.4,0.0,0.0
Vanessa Demopoulos,140000971,Women's Strawweight,1988-09-22T00:00:00,62.0,125.0,59.5,6,4,0,0,2,0,5,0,2,2,0,5.0,59.0,0.0,1.6,0.0,0.0,0.0,0.0
Luis Pena,140000213,Lightweight,1993-07-05T00:00:00,75.0,155.0,75.0,9,3,0,0,0,0,0,0,0,0,0,0.3,14.4,0.1,0.1,0.7,0.7,2.1,0.003
Brandon Moreno,140000613,Flyweight,1993-12-07T00:00:00,67.0,125.0,70.0,19,5,2,0,1,0,5,0,1,0,1,1.5,32.4,0.9,0.3,1.7,1.7,5.1,0.405
Song Kenan,140000590,Welterweight,1990-03-10T00:00:00,72.0,171.0,71.5,16,6,0,0,2,1,2,0,0,0,0,1.2,24.8,0.0,0.0,3.8,3.8,1.3,0.0
Sara McMann,140000701,Women's Bantamweight,1980-09-24T00:00:00,66.0,135.0,66.0,12,6,0,0,5,3,11,11,0,3,0,6.3,105.0,12.0,1.5,15.2,15.2,55.1,113.39999999999999
Amanda Nunes,140000446,Women's Bantamweight,1988-05-30T00:00:00,68.0,135.0,69.0,21,4,0,0,19,4,9,2,13,0,2,9.6,83.7,5.4,1.8,46.8,46.8,23.4,93.31200000000001
Oskar Piechota,140000536,Welterweight,1990-01-24T00:00:00,72.0,185.0,76.0,11,3,1,1,2,0,2,1,0,0,0,1.2,36.1,0.2,0.6,2.3,2.3,2.3,0.144
Modestas Bukauskas,140000922,Middleweight,1994-02-10T00:00:00,75.0,205.0,78.0,11,5,0,0,5,2,1,1,1,0,0,2.4,31.5,0.0,0.0,4.2,4.2,0.0,0.0
Rhys McKee,140000947,Welterweight,1995-09-10T00:00:00,74.0,170.0,78.0,11,4,1,0,10,3,5,0,3,2,0,11.6,70.1,0.0,0.0,0.0,0.0,0.0,0.0
Julian Erosa,140000157,Featherweight,1989-07-31T00:00:00,73.0,150.0,74.5,26,10,0,0,14,9,15,0,0,2,0,8.8,64.7,2.3,1.4,8.8,8.8,4.4,28.335999999999995
Domingo Pilarte,140000482,Bantamweight,1990-01-05T00:00:00,72.0,136.0,74.0,8,3,0,1,4,0,8,0,0,0,0,2.6,97.4,2.4,1.6,0.0,0.0,0.0,9.984000000000002
Danaa Batgerel,140000583,Bantamweight,1989-07-04T00:00:00,67.0,135.0,70.0,10,2,0,0,9,0,3,0,0,0,0,9.9,56.4,0.0,0.0,31.4,31.4,0.0,0.0
Daniel Cormier,140000559,Heavyweight,1979-03-20T00:00:00,71.0,236.0,72.5,22,3,0,1,7,1,3,0,5,2,1,2.8,51.7,1.2,0.3,25.0,25.0,21.8,1.008
Ilir Latifi,140000538,Heavyweight,1983-07-28T00:00:00,70.0,240.0,73.0,16,8,0,1,1,1,1,0,0,0,0,0.4,23.5,0.5,0.1,2.8,2.8,2.8,0.020000000000000004
Diego Ferreira,140000102,Lightweight,1985-01-18T00:00:00,69.0,160.0,74.0,17,4,0,0,5,3,11,0,2,0,0,7.4,53.7,1.3,1.3,17.9,17.9,17.9,12.506000000000002
Randy Costa,140000248,Bantamweight,1994-07-06T00:00:00,69.0,135.0,73.0,6,2,0,0,10,3,0,3,0,0,0,15.0,81.8,0.0,0.0,43.4,43.4,0.0,0.0
Tim Means,140000168,Welterweight,1984-02-20T00:00:00,74.0,170.0,75.0,32,12,1,1,19,2,5,5,0,0,0,5.3,55.7,1.0,0.2,11.1,11.1,15.5,1.06
Movsar Evloev,140000277,Featherweight,1994-02-11T00:00:00,67.0,145.0,72.5,15,0,0,0,8,0,11,0,11,0,0,11.9,96.7,11.0,1.1,0.0,0.0,55.4,143.99
Johnny Munoz,140000980,Featherweight,1993-02-16T00:00:00,69.0,135.0,71.0,11,1,0,0,6,0,12,0,0,0,0,8.0,102.1,7.6,7.6,0.0,0.0,0.0,462.08
Aaron Phillips,140000939,Bantamweight,1989-08-05T00:00:00,69.0,135.0,71.0,12,4,0,0,14,2,5,2,0,0,0,3.7,120.7,0.0,0.9,0.0,0.0,0.0,0.0
Eric Spicely,140000412,Middleweight,1986-09-29T00:00:00,73.0,185.0,73.0,12,7,0,0,3,3,5,2,0,0,0,2.9,40.2,1.0,0.8,0.0,0.0,0.0,2.32
Kevin Holland,140000229,Middleweight,1992-11-05T00:00:00,75.0,183.0,81.0,21,7,0,1,17,0,12,6,0,0,0,10.5,118.1,2.6,1.5,17.5,17.5,23.3,40.95
Luana Carolina,140000336,Women's Flyweight,1993-06-11T00:00:00,66.0,125.0,69.0,8,2,0,0,2,0,1,1,0,0,0,4.5,57.6,0.0,1.5,0.0,0.0,38.7,0.0
Mario Sousa,140001058,Middleweight,1996-10-20T00:00:00,75.0,185.0,79.0,12,2,0,0,1,0,0,0,0,0,0,0.3,19.5,0.1,0.1,0.0,0.0,0.8,0.003
Shana Dobson,140000551,Women's Flyweight,1989-03-30T00:00:00,66.0,126.0,69.0,4,5,0,0,0,0,0,0,0,0,0,0.6,20.5,0.2,0.0,4.1,4.1,0.0,0.0
Alan Patrick,140000678,Lightweight,1983-07-19T00:00:00,71.0,155.0,74.0,15,3,0,1,1,1,1,0,0,0,0,0.6,32.1,1.1,0.1,1.7,1.7,12.1,0.066
Gerald Meerschaert,140000228,Middleweight,1987-12-18T00:00:00,73.0,185.0,77.5,33,14,0,0,1,0,2,1,0,0,0,0.3,15.5,0.2,0.2,0.2,0.2,0.0,0.012
Leon Edwards,140000195,Welterweight,1991-08-25T00:00:00,74.0,170.0,74.0,19,3,0,1,2,0,1,0,0,0,0,0.8,31.6,0.5,0.1,2.7,2.7,19.3,0.04000000000000001
Marina Rodriguez,140000235,Women's Strawweight,1987-04-29T00:00:00,66.0,115.0,65.0,15,1,2,0,8,0,1,0,0,0,0,7.0,62.6,0.3,0.3,13.1,13.1,26.2,0.63
Luke Sanders,140000078,Bantamweight,1985-12-12T00:00:00,66.0,145.0,67.0,13,5,0,0,11,2,5,7,5,0,0,10.1,86.3,1.7,0.6,17.0,17.0,13.1,10.301999999999998
Joanne Wood,140000011,Women's Flyweight,1985-12-23T00:00:00,66.0,125.0,65.5,15,6,0,0,4,0,1,2,0,0,0,4.9,49.3,1.2,0.3,3.4,3.4,20.3,1.764
John Allan,140000465,Light Heavyweight,1993-02-22T00:00:00,73.0,205.0,75.0,13,7,0,1,14,0,7,9,0,0,0,8.1,69.6,3.2,1.9,0.0,0.0,0.0,49.248
Gian Villante,140000119,Light Heavyweight,1985-08-18T00:00:00,75.0,261.0,76.0,17,14,0,0,13,11,4,2,4,0,0,7.7,62.6,0.8,0.0,21.4,21.4,21.4,0.0
Anderson Silva,140000073,Middleweight,1975-04-14T00:00:00,74.0,185.0,77.0,34,11,0,1,3,0,0,0,1,0,0,0.4,21.7,0.1,0.1,14.5,14.5,2.2,0.004000000000000001
Takashi Sato,140000301,Welterweight,1990-06-09T00:00:00,70.0,170.0,73.0,16,4,0,0,16,2,4,7,0,2,0,6.8,55.9,1.1,0.0,14.7,14.7,0.0,0.0
Yancy Medeiros,140000021,Lightweight,1987-09-07T00:00:00,70.0,155.0,75.5,15,8,0,1,12,9,9,2,0,0,0,9.8,58.0,0.7,1.5,18.8,18.8,12.5,10.290000000000001
Joanna Jedrzejczyk,140000634,Women's Strawweight,1987-08-18T00:00:00,66.0,115.0,65.5,16,4,0,0,0,0,0,0,1,0,0,0.7,16.5,0.0,0.0,1.0,1.0,12.9,0.0
Gabe Green,140000911,Welterweight,1993-05-02T00:00:00,70.0,170.0,73.0,10,3,0,0,3,2,7,0,0,0,0,7.4,49.1,1.1,0.6,0.0,0.0,8.6,4.884
Marlon Vera,140000207,Bantamweight,1992-12-02T00:00:00,68.0,135.0,70.5,18,7,1,0,8,0,9,0,0,0,0,4.8,59.4,1.0,1.5,24.9,24.9,9.0,7.199999999999999
Kazula Vargas,140000532,Lightweight,1985-08-15T00:00:00,68.0,155.0,71.0,12,4,0,0,9,0,4,1,0,0,0,5.2,73.2,0.6,0.6,0.0,0.0,8.4,1.8719999999999999
Justin Gaethje,140000247,Lightweight,1988-11-14T00:00:00,71.0,156.0,70.0,23,3,0,0,18,2,1,1,6,1,0,6.7,57.2,0.0,0.0,18.2,18.2,3.4,0.0
Aiemann Zahabi,140000318,Bantamweight,1987-11-19T00:00:00,68.0,136.0,68.0,8,2,0,0,15,3,6,0,0,0,0,8.4,70.6,1.0,0.0,17.2,17.2,17.2,0.0
Jiri Prochazka,140000918,Light Heavyweight,1992-10-14T00:00:00,75.0,205.0,80.0,28,3,1,0,28,3,3,1,3,0,0,9.1,59.4,1.2,0.0,7.9,7.9,0.0,0.0
Claudio Silva,140000189,Welterweight,1982-09-06T00:00:00,71.0,170.0,71.0,14,3,0,0,1,0,6,0,0,0,0,1.8,45.3,1.7,0.9,0.0,0.0,7.7,2.754
Krzysztof Jotko,140000279,Middleweight,1989-08-19T00:00:00,73.0,185.0,77.0,23,5,0,0,4,1,1,1,0,0,0,2.1,47.1,0.8,0.1,2.5,2.5,27.0,0.16800000000000004
Andreas Michailidis,140000938,Light Heavyweight,1988-07-18T00:00:00,72.0,185.0,76.0,13,5,0,0,8,6,4,0,0,0,0,4.4,56.4,2.0,0.0,0.0,0.0,6.2,0.0
Beneil Dariush,140000165,Lightweight,1989-05-06T00:00:00,70.0,156.0,72.0,21,4,1,0,0,0,1,0,0,0,0,0.4,16.8,0.2,0.1,1.1,1.1,2.6,0.008000000000000002
Mirsad Bektic,140000469,Featherweight,1991-02-16T00:00:00,68.0,145.0,70.0,13,4,0,0,11,4,6,2,0,0,0,4.5,84.3,7.4,0.8,16.1,16.1,24.1,26.640000000000004
Ben Rothwell,140000166,Heavyweight,1981-10-17T00:00:00,76.0,265.0,78.5,39,14,0,0,16,3,7,1,0,0,0,1.9,35.4,0.4,0.2,12.3,12.3,3.9,0.15200000000000002
Cody Garbrandt,140000139,Bantamweight,1991-07-07T00:00:00,68.0,136.0,65.0,12,4,0,0,13,5,0,0,2,3,0,5.0,50.4,1.7,0.0,39.3,39.3,15.7,0.0
Gregory Rodrigues,140001028,Middleweight,1992-02-17T00:00:00,75.0,185.0,75.0,11,3,0,0,6,2,3,0,1,0,0,5.7,57.3,2.8,0.0,6.8,6.8,6.8,0.0
Paige VanZant,140000017,Women's Flyweight,1994-03-26T00:00:00,64.0,125.0,65.0,8,5,0,0,3,0,4,4,0,0,0,5.0,63.4,1.9,1.4,18.7,18.7,11.4,13.299999999999999
Clay Guida,140000338,Lightweight,1981-12-08T00:00:00,67.0,155.0,70.0,36,18,0,0,1,0,1,1,0,0,0,0.2,14.0,0.3,0.1,0.3,0.3,1.9,0.006
Jinh Yu Frey,140000929,Women's Strawweight,1985-05-20T00:00:00,63.0,115.0,65.0,11,6,0,0,1,1,1,1,2,2,0,1.8,37.3,0.5,0.3,0.0,0.0,7.3,0.27
Nikolas Motta,140001074,Lightweight,1993-02-08T00:00:00,69.0,155.0,70.0,12,3,0,0,11,4,0,2,0,0,0,5.3,37.8,0.0,0.0,0.0,0.0,12.6,0.0
Dalcha Lungiambula,140000434,Light Heavyweight,1987-07-31T00:00:00,68.0,185.0,76.0,11,3,0,0,13,3,3,3,0,0,0,7.9,85.5,5.5,0.0,11.7,11.7,11.7,0.0
Edson Barboza,140000246,Featherweight,1986-01-21T00:00:00,71.0,145.0,75.0,22,10,0,0,21,10,3,5,3,0,0,10.7,72.9,1.0,0.3,40.4,40.4,40.4,3.2099999999999995
Jarjis Danho,140000642,Heavyweight,1983-10-15T00:00:00,75.0,256.0,74.5,7,1,1,1,11,0,0,0,0,0,0,5.5,70.9,0.8,0.0,12.7,12.7,0.0,0.0
Davi Ramos,140000361,Lightweight,1986-11-05T00:00:00,66.0,155.0,70.0,10,4,0,0,2,0,11,0,0,0,0,4.3,47.9,3.1,0.9,0.0,0.0,11.5,11.997
Justin Ledet,140000044,Light Heavyweight,1988-09-28T00:00:00,76.0,205.0,80.0,9,4,0,1,2,2,5,0,0,0,0,3.5,43.6,0.2,0.2,0.0,0.0,14.6,0.14
Al Matavao,140001018,Middleweight,1994-02-23T00:00:00,68.0,205.0,67.5,8,4,0,0,14,9,3,3,0,0,0,13.3,78.9,0.0,0.0,0.0,0.0,0.0,0.0
Macy Chiasson,140000128,Women's Bantamweight,1991-07-27T00:00:00,71.0,136.0,72.0,8,1,0,0,2,0,2,0,1,0,0,3.3,52.8,0.8,0.4,19.7,19.7,19.7,1.056
Lerone Murphy,140000599,Featherweight,1991-07-22T00:00:00,69.0,146.0,73.5,11,0,1,0,10,0,0,0,0,0,0,3.8,63.8,1.1,1.1,20.3,20.3,10.1,4.598
Ryan Benoit,140000887,Flyweight,1989-08-25T00:00:00,65.0,126.0,68.5,10,8,0,0,8,0,1,2,0,0,0,2.8,43.2,0.3,0.4,11.0,11.0,5.5,0.336
Jack Marshman,140000187,Middleweight,1989-12-19T00:00:00,72.0,187.0,73.0,23,10,0,0,21,11,13,5,3,3,0,7.3,45.9,0.0,0.0,8.1,8.1,16.2,0.0
Danilo Marques,140001043,Light Heavyweight,1985-12-26T00:00:00,78.0,205.0,77.0,11,3,0,0,3,1,4,0,0,0,0,1.1,63.2,3.0,0.6,0.0,0.0,5.1,1.98
Matt Schnell,140000152,Flyweight,1990-01-15T00:00:00,68.0,136.0,70.0,15,6,0,0,0,0,1,0,0,0,0,0.7,17.8,0.1,0.2,0.0,0.0,2.3,0.013999999999999999
Carla Esparza,140000296,Women's Strawweight,1987-10-10T00:00:00,61.0,116.0,63.0,19,6,0,0,1,0,1,0,0,0,0,0.4,28.1,0.7,0.1,0.7,0.7,12.0,0.027999999999999997
Sergey Morozov,140001038,Bantamweight,1989-06-14T00:00:00,66.0,135.0,67.0,17,4,0,0,1,0,0,0,0,0,0,0.2,14.6,0.3,0.0,0.0,0.0,0.3,0.0
Nathaniel Wood,140000191,Bantamweight,1993-05-08T00:00:00,66.0,140.0,69.0,17,5,0,0,11,3,7,3,4,0,0,9.3,56.2,1.9,1.3,0.0,0.0,6.7,22.971000000000004
Alan Baudot,140001051,Light Heavyweight,1988-02-01T00:00:00,75.0,246.0,79.0,8,2,0,1,1,0,0,0,0,0,0,1.0,23.5,0.0,0.0,0.0,0.0,0.0,0.0
Kai Kara-France,140000059,Flyweight,1993-03-26T00:00:00,64.0,125.0,69.0,22,9,0,1,11,2,4,4,0,0,0,6.0,47.4,0.6,0.0,3.8,3.8,13.7,0.0
Kanako Murata,140001084,Women's Strawweight,1993-08-10T00:00:00,61.0,115.0,62.0,12,2,0,0,3,1,5,1,1,0,0,2.7,83.1,3.1,1.5,0.0,0.0,9.1,12.555000000000001
Eryk Anders,140000264,Middleweight,1987-04-21T00:00:00,73.0,205.0,75.0,14,5,0,1,2,0,0,0,0,0,0,0.7,25.9,0.3,0.0,3.5,3.5,3.5,0.0
Dricus Du Plessis,140001047,Middleweight,1994-01-14T00:00:00,73.0,185.0,76.0,16,2,0,0,6,1,8,1,1,1,0,4.4,45.1,2.6,0.0,10.3,10.3,0.0,0.0
Geoff Neal,140000003,Welterweight,1990-08-28T00:00:00,71.0,171.0,75.0,13,4,0,0,10,2,3,2,0,0,0,7.1,66.1,1.0,0.3,29.9,29.9,9.5,2.13
Alistair Overeem,140000287,Heavyweight,1980-05-17T00:00:00,76.0,255.0,80.0,47,19,0,0,34,20,23,2,4,2,0,6.7,97.9,2.6,1.5,38.3,38.3,10.1,26.130000000000003
Jeff Hughes,140000155,Heavyweight,1988-05-17T00:00:00,74.0,258.0,77.0,10,4,0,1,4,1,1,1,2,0,0,3.6,49.2,0.7,0.0,0.0,0.0,0.0,0.0
Jordan Griffin,140000603,Featherweight,1990-02-28T00:00:00,70.0,145.0,73.0,18,9,0,0,11,2,13,4,0,0,0,5.3,76.8,3.1,3.9,0.0,0.0,0.0,64.077
Casey Kenney,140000227,Bantamweight,1991-03-20T00:00:00,67.0,136.0,68.0,16,4,1,0,2,0,5,0,3,0,0,5.0,44.8,1.1,0.4,0.0,0.0,24.1,2.2
Chris Gruetzemacher,140000724,Lightweight,1986-06-16T00:00:00,68.0,156.0,68.0,15,4,0,0,10,2,6,6,0,0,0,14.3,91.1,0.0,0.0,10.8,10.8,15.1,0.0
JP Buys,140000966,Flyweight,1996-04-30T00:00:00,65.0,136.0,67.0,9,4,0,0,4,3,7,1,0,0,0,2.5,72.8,2.4,3.6,0.0,0.0,0.0,21.6
Carlos Condit,140000652,Welterweight,1984-04-26T00:00:00,74.0,171.0,75.5,32,14,0,0,5,0,4,2,2,1,0,1.1,30.4,0.2,0.3,3.4,3.4,2.7,0.066
Khaos Williams,140000894,Welterweight,1994-03-30T00:00:00,72.0,170.0,77.0,13,2,0,0,12,0,2,0,0,0,0,8.4,55.0,0.0,0.0,25.9,25.9,11.2,0.0
Joe Lowry,140000840,Lightweight,1989-12-12T00:00:00,71.0,155.0,73.0,9,2,0,0,3,1,1,0,0,0,0,3.7,33.4,0.0,0.0,0.0,0.0,0.0,0.0
Tecia Torres,140000140,Women's Strawweight,1989-08-16T00:00:00,61.0,115.0,60.5,13,5,0,0,2,0,2,0,0,0,0,8.4,73.4,1.3,0.1,0.0,0.0,51.8,1.0920000000000003
Ricky Simon,140000070,Bantamweight,1992-08-31T00:00:00,66.0,135.0,69.0,18,3,0,0,4,1,1,1,1,1,0,1.8,37.9,4.0,0.2,2.8,2.8,18.2,1.4400000000000002
Jordan Espinosa,140000199,Flyweight,1989-11-08T00:00:00,66.0,125.0,69.0,15,9,0,1,5,0,11,10,0,0,0,10.7,91.3,1.9,0.5,10.2,10.2,12.8,10.165
Dennis Buzukja,140001016,Featherweight,1997-10-01T00:00:00,69.0,145.0,71.0,4,2,0,0,3,0,0,0,0,0,0,6.2,59.9,3.3,1.6,0.0,0.0,0.0,32.736000000000004
Cody Stamann,140000134,Bantamweight,1989-11-09T00:00:00,66.0,135.0,64.0,19,4,1,0,10,0,6,3,0,0,0,11.2,92.3,7.8,0.0,0.0,0.0,34.8,0.0
Rose Namajunas,140000350,Women's Strawweight,1992-06-29T00:00:00,65.0,115.0,65.0,12,4,0,0,1,1,3,1,2,1,0,2.2,33.6,1.0,0.4,6.8,6.8,18.5,0.8800000000000001
Brok Weaver,140000547,Welterweight,1991-12-05T00:00:00,72.0,164.0,73.0,15,6,0,0,3,2,5,5,0,0,0,8.1,94.1,0.7,0.7,0.0,0.0,8.1,3.968999999999999
Lucie Pudilova,140000118,Women's Bantamweight,1994-06-13T00:00:00,68.0,125.0,67.5,8,6,0,0,5,0,5,2,0,0,0,9.8,66.7,0.4,1.5,0.0,0.0,21.9,5.880000000000001
Jai Herbert,140000897,Lightweight,1988-05-13T00:00:00,73.0,155.0,77.0,11,3,0,0,15,6,3,3,6,3,0,6.4,78.1,0.0,0.0,12.2,12.2,0.0,0.0
Mana Martinez,140001023,Bantamweight,1996-03-25T00:00:00,70.0,140.0,70.0,9,2,0,0,7,0,0,1,1,0,0,4.0,49.8,1.4,0.7,0.0,0.0,7.5,3.9199999999999995
Alen Amedovski,140000280,Middleweight,1988-04-06T00:00:00,70.0,186.0,74.0,8,2,0,0,1,0,0,0,0,0,0,0.0,1.9,0.0,0.0,0.0,0.0,0.0,0.0
Megan Anderson,140000364,Women's Featherweight,1990-02-11T00:00:00,72.0,145.0,72.0,11,5,0,0,2,0,1,1,0,0,0,0.6,36.0,0.2,0.2,3.9,3.9,0.0,0.024
Dustin Jacoby,140000953,Middleweight,1988-04-04T00:00:00,75.0,204.0,76.0,16,5,1,0,13,2,2,3,2,0,0,8.2,64.5,0.5,0.0,11.4,11.4,17.1,0.0
Vinicius Moreira,140000010,Light Heavyweight,1989-02-28T00:00:00,76.0,206.0,76.0,9,5,0,0,1,4,7,1,0,0,0,2.9,57.0,1.8,1.2,0.0,0.0,0.0,6.263999999999999
Parker Porter,140000991,Heavyweight,1985-04-22T00:00:00,72.0,262.0,75.0,12,6,0,0,2,2,2,1,0,0,0,5.3,42.9,0.9,0.4,0.0,0.0,6.9,1.908
Cody Durden,140000976,Bantamweight,1991-03-29T00:00:00,67.0,125.0,67.0,11,3,1,0,1,0,1,0,0,0,0,0.7,25.8,0.8,0.2,0.0,0.0,0.0,0.11199999999999999
Rogerio Nogueira,140000342,Light Heavyweight,1976-06-02T00:00:00,74.0,205.0,75.0,23,10,0,0,12,8,13,0,0,0,0,5.0,50.5,1.4,1.7,35.2,35.2,30.8,11.9
Umar Nurmagomedov,140000905,Bantamweight,1996-03-01T00:00:00,68.0,136.0,69.0,13,0,0,0,0,0,1,0,0,0,0,0.3,18.8,0.8,0.2,0.0,0.0,0.0,0.048
Josh Culibao,140000899,Lightweight,1994-05-24T00:00:00,70.0,146.0,73.0,9,1,1,0,8,2,0,0,0,0,0,4.7,63.2,0.0,0.6,0.0,0.0,11.5,0.0
Nasrat Haqparast,140000520,Lightweight,1995-08-22T00:00:00,70.0,154.0,72.0,13,4,0,0,15,3,0,3,0,0,0,14.0,80.7,0.4,0.0,15.9,15.9,38.7,0.0
Andre Fili,140000088,Featherweight,1990-06-25T00:00:00,71.0,145.0,74.0,21,8,0,1,1,0,0,0,0,0,0,0.5,14.3,0.3,0.0,1.2,1.2,2.4,0.0
Wellington Turman,140000468,Middleweight,1996-07-22T00:00:00,72.0,185.0,72.0,17,5,0,0,9,4,10,0,0,0,0,6.7,79.1,4.9,1.2,0.0,0.0,13.5,39.39600000000001
Bethe Correia,140000344,Women's Bantamweight,1983-06-22T00:00:00,65.0,138.0,64.0,11,6,1,0,1,1,0,0,0,0,0,1.7,31.7,0.2,0.0,2.2,2.2,14.0,0.0
Dustin Poirier,140000266,Lightweight,1989-01-19T00:00:00,69.0,156.0,72.0,28,6,0,0,25,6,10,6,3,3,3,15.9,91.7,4.3,3.5,48.1,48.1,33.7,239.29500000000002
JJ Aldrich,140000210,Women's Flyweight,1992-09-29T00:00:00,65.0,125.0,67.5,10,4,0,0,1,1,0,1,0,0,0,2.4,39.4,0.5,0.0,0.0,0.0,33.3,0.0
Jhonoven Pati,140000958,Middleweight,1990-04-29T00:00:00,73.0,185.0,75.0,6,5,0,0,5,2,1,2,0,0,0,2.8,52.7,2.6,0.0,0.0,0.0,0.0,0.0
Nate Maness,140000961,Bantamweight,1991-06-27T00:00:00,70.0,135.0,72.0,14,1,0,0,1,0,1,0,0,0,0,0.9,38.6,0.5,0.2,2.0,2.0,2.0,0.09000000000000001
Andrei Arlovski,140000298,Heavyweight,1979-02-04T00:00:00,75.0,245.0,77.0,32,20,0,2,24,16,6,4,8,4,0,7.4,70.5,0.9,0.5,29.0,29.0,26.4,3.33
Cynthia Calvillo,140000094,Women's Flyweight,1987-07-13T00:00:00,64.0,126.0,64.0,9,4,1,0,1,1,2,0,0,0,0,2.1,31.4,0.9,0.5,0.0,0.0,15.2,0.9450000000000001
Sabina Mazo,140000225,Women's Flyweight,1997-03-25T00:00:00,67.0,125.0,70.0,9,3,0,0,0,0,0,0,0,0,0,1.4,21.6,0.2,0.0,0.0,0.0,3.6,0.0
Timur Valiev,140000960,Featherweight,1990-01-19T00:00:00,66.0,135.0,67.0,18,2,0,1,2,0,1,0,0,0,0,2.3,39.4,0.7,0.0,0.0,0.0,4.1,0.0
Danny Chavez,140000990,Featherweight,1987-03-14T00:00:00,68.0,145.0,67.0,11,4,1,0,2,0,0,1,0,0,0,2.4,37.9,1.6,0.0,0.0,0.0,5.1,0.0
TJ Laramie,140000969,Featherweight,1997-10-15T00:00:00,66.0,145.0,66.0,12,4,0,0,6,2,2,1,0,0,0,2.3,60.0,2.2,0.0,0.0,0.0,0.0,0.0
Aliaskhab Khizriev,140001021,Middleweight,1990-08-24T00:00:00,69.0,185.0,74.0,13,0,0,0,7,0,6,0,1,0,0,8.7,100.6,21.7,21.7,0.0,0.0,0.0,4096.7429999999995
Curtis Blaydes,140000218,Heavyweight,1991-02-18T00:00:00,76.0,261.0,80.0,15,3,0,1,12,4,0,0,0,0,0,4.6,71.9,8.4,0.0,24.3,24.3,30.4,0.0
Karolina Kowalkiewicz,140000241,Women's Strawweight,1985-10-15T00:00:00,63.0,115.0,64.0,12,7,0,0,2,2,3,3,2,2,0,8.0,56.1,0.3,0.2,0.0,0.0,32.7,0.48
Askar Askarov,140000614,Flyweight,1992-10-09T00:00:00,66.0,125.0,67.0,13,0,1,0,0,0,0,0,0,0,0,0.2,15.5,0.2,0.0,0.0,0.0,1.4,0.0
Roman Kopylov,140000645,Middleweight,1991-05-04T00:00:00,72.0,186.0,75.0,8,2,0,0,14,0,0,2,2,0,0,5.2,61.7,1.0,0.0,0.0,0.0,0.0,0.0
Frankie Edgar,140000504,Bantamweight,1981-10-16T00:00:00,66.0,136.0,68.0,23,10,1,0,10,11,11,0,9,14,3,10.9,80.8,6.6,0.9,19.9,19.9,54.8,64.746
Daniel Pineda,140000931,Featherweight,1985-08-06T00:00:00,67.0,145.0,69.0,27,14,0,3,10,4,20,8,0,0,0,4.3,71.1,1.8,2.1,2.9,2.9,0.0,16.254
Guido Cannetti,140000659,Bantamweight,1979-12-19T00:00:00,66.0,135.0,68.0,8,7,0,0,1,1,1,1,0,0,0,0.9,31.1,0.6,0.1,0.0,0.0,3.7,0.054000000000000006
Muslim Salikhov,140000594,Welterweight,1984-06-09T00:00:00,71.0,170.0,70.0,18,2,0,0,15,0,3,3,0,0,0,4.9,61.3,1.7,0.0,12.5,12.5,18.7,0.0
Kenneth Cross,140000948,Lightweight,1994-10-04T00:00:00,72.0,155.0,72.0,12,3,0,0,12,0,12,9,0,0,0,6.4,98.7,2.9,0.0,0.0,0.0,0.0,0.0
Gilbert Burns,140000294,Welterweight,1986-07-20T00:00:00,70.0,170.0,71.0,20,4,0,0,3,1,4,0,0,1,0,1.6,40.6,1.1,0.3,6.6,6.6,18.2,0.528
Jonathan Pearce,140000449,Lightweight,1992-05-01T00:00:00,72.0,145.0,71.0,11,4,0,0,11,2,4,4,0,0,0,13.9,89.9,10.3,2.0,19.1,19.1,0.0,286.34000000000003
Cory McKenna,140000970,Women's Strawweight,1999-11-07T00:00:00,63.0,115.0,58.0,6,1,0,0,4,0,2,0,0,0,0,6.6,84.2,0.9,0.0,0.0,0.0,39.3,0.0
Tyron Woodley,140000144,Welterweight,1982-04-07T00:00:00,69.0,171.0,74.0,19,7,1,0,5,1,3,1,3,1,1,1.6,50.3,0.7,0.3,18.2,18.2,21.2,0.33599999999999997
Cole Smith,140000311,Bantamweight,1989-04-05T00:00:00,71.0,135.0,67.0,7,2,0,0,1,0,2,0,0,0,0,1.0,26.8,1.0,1.0,0.0,0.0,6.3,1.0
Mateusz Gamrot,140001053,Lightweight,1990-12-11T00:00:00,70.0,155.0,70.5,19,1,0,1,15,0,12,0,12,0,2,10.0,79.7,13.0,1.6,11.6,11.6,0.0,208.0
Alex Morono,140000150,Welterweight,1990-08-16T00:00:00,71.0,170.0,72.0,20,7,0,1,2,1,2,0,0,0,0,1.5,25.5,0.1,0.1,2.1,2.1,11.7,0.015000000000000003
Max Rohskopf,140000917,Lightweight,1994-09-27T00:00:00,73.0,155.0,71.0,7,1,0,0,0,0,1,0,0,0,0,0.2,12.1,0.4,0.2,0.0,0.0,0.0,0.016000000000000004
Roque Martinez,140001039,Heavyweight,1986-03-04T00:00:00,70.0,249.0,72.0,15,8,2,0,5,1,2,1,0,0,0,2.1,59.2,0.2,0.2,0.0,0.0,0.0,0.08400000000000002
Kay Hansen,140000930,Women's Strawweight,1999-08-14T00:00:00,62.0,115.0,63.0,7,4,0,0,3,2,6,0,0,0,0,5.5,73.7,3.4,2.5,0.0,0.0,0.0,46.75
Danny Roberts,140000188,Welterweight,1987-07-14T00:00:00,73.0,170.0,74.0,18,5,0,0,2,1,2,1,0,0,0,1.0,25.4,0.1,0.1,3.9,3.9,3.9,0.010000000000000002
Angela Hill,140000203,Women's Strawweight,1985-01-12T00:00:00,63.0,115.0,64.0,13,10,0,0,6,0,0,2,2,0,0,6.5,56.3,0.6,0.1,5.0,5.0,27.9,0.39
Callan Potter,140000055,Welterweight,1984-06-09T00:00:00,72.0,170.0,72.0,18,9,0,0,7,6,11,4,0,0,0,3.5,53.2,3.7,0.0,0.0,0.0,4.1,0.0
Darko StoÅ¡iÄ‡,140000372,Heavyweight,1992-02-09T00:00:00,72.0,230.0,76.0,16,4,0,0,4,0,0,0,0,0,0,1.2,30.4,1.5,0.0,2.6,2.6,0.0,0.0
Jerome Rivera,140000949,Flyweight,1995-04-22T00:00:00,70.0,125.0,72.0,10,6,0,0,1,2,4,1,0,1,0,2.4,39.4,0.0,0.0,0.0,0.0,4.6,0.0
Sean Brady,140000882,Welterweight,1992-11-23T00:00:00,70.0,170.0,72.0,14,0,0,0,2,0,3,0,1,0,0,3.8,58.7,2.1,1.0,0.0,0.0,12.8,7.9799999999999995
Devin Clark,140000371,Light Heavyweight,1990-04-12T00:00:00,72.0,206.0,75.0,12,6,0,0,1,1,0,1,0,0,0,1.0,40.0,0.8,0.0,0.0,0.0,18.5,0.0
Orion Cosce,140000986,Welterweight,1994-07-15T00:00:00,71.0,170.0,71.0,7,1,0,0,17,3,3,0,0,0,0,10.3,112.2,5.2,0.0,20.8,20.8,0.0,0.0
Neil Magny,140000752,Welterweight,1987-08-03T00:00:00,75.0,170.0,80.0,25,9,0,0,1,0,0,1,0,0,0,0.5,20.8,0.3,0.0,1.9,1.9,12.6,0.0
Kyron Bowen,140000994,Middleweight,1993-12-22T00:00:00,74.0,170.0,78.0,9,7,0,0,8,3,6,6,0,0,0,4.2,71.2,0.0,0.0,0.0,0.0,0.0,0.0
Hakeem Dawodu,140000500,Featherweight,1991-07-02T00:00:00,68.0,145.0,73.5,12,2,1,0,11,0,0,2,0,0,0,11.8,77.5,0.0,0.0,10.5,10.5,42.1,0.0
Dominick Reyes,140000193,Light Heavyweight,1989-12-26T00:00:00,76.0,205.0,77.0,12,3,0,0,6,2,2,0,0,2,0,4.0,47.4,0.3,0.3,18.4,18.4,12.2,0.36
Rodolfo Vieira,140000537,Middleweight,1989-09-25T00:00:00,72.0,185.0,73.0,8,1,0,0,0,0,1,0,0,0,0,0.5,25.2,1.2,0.3,0.0,0.0,0.0,0.18
Alexander Gustafsson,140000388,Light Heavyweight,1987-01-15T00:00:00,77.0,240.0,79.0,18,7,0,0,6,1,2,2,0,2,0,2.2,30.0,0.8,0.2,14.8,14.8,6.6,0.3520000000000001
Zelim Imadaev,140000256,Welterweight,1995-01-25T00:00:00,72.0,170.0,76.0,8,3,0,0,6,1,0,1,0,0,0,2.0,30.8,0.3,0.0,0.0,0.0,0.0,0.0
Luana Pinheiro,140001073,Women's Strawweight,1992-11-18T00:00:00,62.0,115.0,62.0,9,1,0,0,4,0,11,0,0,0,0,12.3,78.1,15.8,0.0,14.9,14.9,0.0,0.0
Hannah Cifers,140000125,Women's Strawweight,1992-06-26T00:00:00,61.0,117.0,62.0,10,7,0,0,14,6,0,11,0,0,0,14.0,87.8,0.7,0.7,0.0,0.0,19.7,6.8599999999999985
Loma Lookboonmee,140000884,Women's Strawweight,1996-01-18T00:00:00,61.0,115.0,61.5,6,2,0,0,0,0,0,0,0,0,0,1.8,35.5,0.5,0.0,0.0,0.0,21.8,0.0
Anthony Romero,140000996,Lightweight,1997-02-25T00:00:00,71.0,155.0,70.0,9,0,0,0,2,0,1,0,0,0,0,5.3,50.0,1.8,0.0,0.0,0.0,0.0,0.0
Vicente Luque,140000089,Welterweight,1991-11-27T00:00:00,71.0,170.0,75.5,21,7,1,0,6,0,4,1,0,0,0,2.9,40.8,0.3,0.5,17.3,17.3,1.8,0.435
Tanner Boser,140000638,Heavyweight,1991-08-02T00:00:00,74.0,240.0,75.5,20,8,1,0,6,1,1,0,0,0,0,2.1,38.3,0.0,0.0,5.2,5.2,1.7,0.0
Scott Holtzman,140000080,Lightweight,1983-09-30T00:00:00,69.0,155.0,69.0,14,5,0,0,1,0,0,0,0,0,0,0.9,26.6,0.4,0.0,1.1,1.1,4.3,0.0
Douglas Silva de Andrade,140000679,Featherweight,1985-06-22T00:00:00,67.0,135.0,68.5,27,4,0,1,4,0,0,0,0,0,0,0.8,18.9,0.1,0.0,1.3,1.3,2.0,0.0
Harry Hunsucker,140001077,Heavyweight,1989-01-03T00:00:00,74.0,249.0,75.0,7,4,0,0,0,0,0,0,0,0,0,0.3,14.7,0.0,0.0,0.0,0.0,0.0,0.0
Jan Blachowicz,140000123,Light Heavyweight,1983-02-24T00:00:00,74.0,205.0,78.0,28,9,0,0,10,3,12,3,8,3,0,6.0,75.1,1.9,0.4,14.0,14.0,17.5,4.56
Sherrard Blackledge,140001026,Lightweight,1993-08-16T00:00:00,71.0,155.0,75.0,5,1,0,0,0,0,0,0,0,0,0,1.2,25.0,1.5,0.0,0.0,0.0,0.0,0.0
Montana De La Rosa,140000067,Women's Flyweight,1995-02-14T00:00:00,67.0,126.0,68.0,12,6,1,0,0,0,4,0,0,0,0,1.4,36.6,1.1,0.6,2.6,2.6,2.6,0.9239999999999999
Amir Albazi,140000946,Bantamweight,1993-10-27T00:00:00,65.0,125.0,68.0,14,1,0,0,6,0,10,0,0,0,0,6.5,62.6,3.6,1.2,0.0,0.0,10.6,28.080000000000002
Da-Un Jung,140000585,Light Heavyweight,1993-12-07T00:00:00,76.0,205.0,78.5,15,2,1,0,4,0,1,0,0,0,0,1.3,28.7,0.9,0.1,3.7,3.7,1.9,0.11700000000000002
Jamahal Hill,140000491,Light Heavyweight,1991-05-19T00:00:00,76.0,205.0,79.0,8,1,0,1,1,0,0,0,0,0,0,1.9,26.5,0.0,0.0,10.1,10.1,2.6,0.0
Austin Hubbard,140000362,Lightweight,1991-12-22T00:00:00,70.0,156.0,71.0,13,6,0,0,8,0,6,4,2,0,0,7.0,74.5,2.6,0.0,0.0,0.0,14.6,0.0
Jimmy Flick,140001014,Flyweight,1990-09-07T00:00:00,67.0,125.0,68.0,16,5,0,0,0,10,22,0,2,2,0,5.0,93.1,4.5,11.4,0.0,0.0,0.0,256.5
Diana Belbita,140000635,Women's Bantamweight,1996-06-26T00:00:00,67.0,115.0,68.0,14,6,0,0,3,0,2,2,0,1,0,3.7,35.4,0.5,0.0,0.0,0.0,2.7,0.0
Jessica-Rose Clark,140000654,Women's Flyweight,1987-11-28T00:00:00,65.0,135.0,64.0,11,6,0,1,0,0,0,0,0,0,0,0.6,22.2,0.3,0.1,0.8,0.8,2.5,0.018
Hilarie Rose,140000988,Women's Strawweight,1992-11-11T00:00:00,63.0,115.0,63.0,5,3,0,0,1,1,1,0,0,0,0,0.9,20.5,0.0,0.0,0.0,0.0,0.0,0.0
Philipe Lins,140000904,Light Heavyweight,1985-08-17T00:00:00,74.0,205.0,78.0,14,5,0,0,14,11,11,0,3,0,0,7.6,68.6,0.0,0.0,0.0,0.0,0.0,0.0
Alexander Volkanovski,140000347,Featherweight,1988-09-29T00:00:00,66.0,144.0,71.0,23,1,0,0,11,1,3,0,3,0,0,7.0,60.9,1.9,0.3,13.0,13.0,30.4,3.9899999999999993
Marcin Tybura,140000272,Heavyweight,1985-11-09T00:00:00,75.0,249.0,78.0,22,7,0,0,7,3,5,0,2,1,0,2.8,52.4,1.2,0.1,12.0,12.0,15.0,0.336
Victor Rodriguez,140001069,Bantamweight,1992-09-05T00:00:00,65.0,126.0,67.0,7,4,0,0,10,6,0,2,0,0,0,3.4,68.8,0.0,0.0,0.0,0.0,0.0,0.0
Khalid Taha,140000255,Featherweight,1992-02-15T00:00:00,65.0,135.0,69.0,13,4,0,1,11,0,3,2,0,0,0,4.2,56.2,0.0,0.4,8.6,8.6,0.0,0.0
Alejandro Perez,140000133,Bantamweight,1989-09-02T00:00:00,66.0,135.0,67.0,23,8,1,0,3,1,2,1,0,0,0,1.2,25.0,0.2,0.1,3.2,3.2,4.2,0.024
Mike Breeden,140000995,Lightweight,1989-04-21T00:00:00,70.0,158.0,70.0,10,4,0,0,11,4,0,0,0,0,0,7.5,47.7,0.0,0.0,0.0,0.0,0.0,0.0
Liana Jojua,140000597,Women's Bantamweight,1995-03-22T00:00:00,64.0,128.0,62.0,8,5,0,0,3,5,16,3,3,0,0,6.3,63.1,4.4,3.3,0.0,0.0,0.0,91.476
Jose Aldo,140000049,Bantamweight,1986-09-09T00:00:00,67.0,136.0,70.0,30,7,0,0,2,0,0,0,1,0,0,0.4,15.5,0.1,0.0,2.9,2.9,2.4,0.0
Sean Woodson,140000495,Featherweight,1992-06-07T00:00:00,74.0,145.0,78.0,9,1,0,0,5,0,2,2,0,0,0,9.2,66.8,0.0,0.9,25.3,25.3,25.3,0.0
Raphael Assuncao,140000051,Bantamweight,1982-07-19T00:00:00,65.0,135.0,66.0,27,8,0,0,2,1,5,1,0,0,0,1.7,33.7,0.8,0.1,2.9,2.9,22.5,0.136
Danyelle Wolf,140001031,Women's Featherweight,1983-09-08T00:00:00,71.0,145.0,70.0,1,0,0,0,0,0,0,0,0,0,0,0.6,14.4,0.0,0.2,0.0,0.0,42.3,0.0
Luigi Vendramini,140000864,Welterweight,1996-01-16T00:00:00,68.0,155.0,73.0,9,3,0,0,6,2,4,0,0,0,0,3.1,48.9,1.2,0.6,9.2,9.2,0.0,2.2319999999999998
Chris Daukaus,140000992,Heavyweight,1989-09-25T00:00:00,75.0,231.0,76.0,12,3,0,0,13,3,0,1,0,0,0,10.9,65.9,0.0,0.0,32.1,32.1,0.0,0.0
Gustavo Lopez,140000916,Bantamweight,1989-06-27T00:00:00,65.0,135.0,67.0,12,6,1,0,2,1,3,0,0,0,0,1.1,32.0,0.8,0.3,0.0,0.0,0.0,0.264
Marion Reneau,140000158,Women's Bantamweight,1977-06-20T00:00:00,66.0,136.0,68.0,9,8,1,0,14,3,8,0,0,0,0,8.9,85.2,1.7,2.2,18.5,18.5,15.5,33.286
Alessio Di Chirico,140000417,Middleweight,1989-12-12T00:00:00,72.0,185.0,74.0,13,6,0,0,1,0,1,0,0,0,0,0.8,21.9,0.4,0.0,2.4,2.4,2.4,0.0
James Krause,140000651,Welterweight,1986-06-04T00:00:00,74.0,170.0,73.5,28,9,0,0,10,1,15,4,0,0,0,5.8,54.6,1.2,1.1,9.8,9.8,11.9,7.656000000000001
Raulian Paiva,140000060,Flyweight,1995-10-17T00:00:00,68.0,135.0,69.0,21,3,0,0,9,2,7,2,0,0,0,9.3,68.8,1.4,0.5,9.1,9.1,18.5,6.51
Chris Weidman,140000639,Middleweight,1984-06-17T00:00:00,74.0,186.0,78.0,15,6,0,0,2,2,1,0,2,0,0,1.1,31.1,1.4,0.3,11.3,11.3,11.3,0.46199999999999997
Montel Jackson,140000253,Bantamweight,1992-04-24T00:00:00,70.0,136.0,75.5,11,2,0,0,1,0,0,0,0,0,0,0.6,27.6,0.7,0.1,2.7,2.7,4.1,0.042
Mayra Bueno Silva,140000842,Women's Flyweight,1991-08-22T00:00:00,66.0,125.0,66.5,7,2,1,0,0,0,1,0,0,0,0,0.9,30.9,0.0,0.3,0.0,0.0,0.0,0.0
Phil Hawes,140001025,Middleweight,1989-01-08T00:00:00,72.0,185.0,77.5,11,3,0,0,2,1,1,0,0,0,0,1.3,38.6,0.8,0.1,4.5,4.5,4.5,0.10400000000000001
Renato Moicano,140000050,Featherweight,1989-05-21T00:00:00,71.0,155.0,72.0,15,4,1,0,0,2,6,1,0,0,0,3.5,41.5,1.4,0.4,0.0,0.0,12.5,1.96
Kevin Syler,140000475,Lightweight,1993-07-29T00:00:00,69.0,155.0,71.5,10,1,0,0,1,0,4,0,0,0,0,3.5,55.2,0.6,1.3,0.0,0.0,0.0,2.7300000000000004
Miranda Maverick,140000928,Women's Flyweight,1997-07-01T00:00:00,63.0,125.0,65.5,11,3,0,0,0,0,0,0,0,0,0,0.4,14.2,0.1,0.0,0.0,0.0,0.5,0.0
Vince Cachero,140000978,Featherweight,1989-11-07T00:00:00,66.0,135.0,68.0,7,4,0,0,2,2,2,0,0,1,0,2.8,51.9,0.0,0.5,0.0,0.0,0.0,0.0
Charles Jourdain,140000358,Featherweight,1995-11-27T00:00:00,69.0,145.0,69.0,11,4,1,0,1,0,0,0,0,0,0,0.7,18.0,0.0,0.1,1.6,1.6,0.0,0.0
Billy Quarantillo,140000488,Featherweight,1988-12-08T00:00:00,70.0,145.0,70.0,16,4,0,0,1,0,1,0,0,0,0,1.6,29.8,0.3,0.3,3.1,3.1,1.0,0.144
Maurice Greene,140000154,Heavyweight,1986-07-05T00:00:00,79.0,237.0,80.0,9,7,0,0,5,5,13,5,0,3,0,8.4,83.9,0.0,1.1,10.0,10.0,10.0,0.0
Shanna Young,140000546,Women's Bantamweight,1991-02-20T00:00:00,67.0,135.0,65.0,8,5,0,0,2,2,5,3,0,0,0,4.8,73.5,0.0,1.6,0.0,0.0,0.0,0.0
Robbie Lawler,140000142,Welterweight,1982-03-20T00:00:00,71.0,184.0,74.0,29,15,0,0,23,2,1,7,5,5,0,4.6,57.2,0.8,0.0,32.2,32.2,17.4,0.0
Saparbeg Safarov,140000180,Light Heavyweight,1986-10-14T00:00:00,73.0,185.0,78.0,9,3,0,0,5,1,2,2,0,0,0,3.5,44.7,2.2,0.0,0.0,0.0,7.2,0.0
Cub Swanson,140000327,Featherweight,1983-11-02T00:00:00,68.0,145.0,70.0,27,12,0,0,13,2,5,9,0,0,0,5.7,60.3,1.3,0.6,14.2,14.2,28.4,4.446
Cheyanne Buys,140000987,Women's Strawweight,1995-06-25T00:00:00,63.0,116.0,63.0,6,2,0,0,2,0,0,0,0,0,0,3.5,50.6,0.4,0.0,11.2,11.2,11.2,0.0
Tai Tuivasa,140000400,Heavyweight,1993-03-16T00:00:00,74.0,263.0,75.0,13,3,0,0,16,2,0,2,0,0,0,7.6,68.5,0.0,0.0,40.7,40.7,10.6,0.0
Nate Landwehr,140000889,Featherweight,1988-06-06T00:00:00,69.0,145.0,72.0,15,4,0,0,2,1,0,0,1,0,0,2.0,30.9,0.1,0.3,0.0,0.0,1.6,0.06
Juan Adams,140000313,Heavyweight,1992-01-16T00:00:00,77.0,266.0,80.0,5,3,0,0,14,6,0,0,0,0,0,12.0,94.3,2.6,0.0,21.2,21.2,0.0,0.0
Cory Sandhagen,140000007,Bantamweight,1992-04-20T00:00:00,71.0,135.0,70.0,14,4,0,0,2,0,1,0,0,0,0,1.6,24.3,0.2,0.1,11.1,11.1,2.8,0.03200000000000001
Maryna Moroz,140000224,Women's Flyweight,1991-09-08T00:00:00,67.0,125.0,67.0,10,3,0,0,0,0,1,0,0,0,0,0.5,12.5,0.1,0.1,0.0,0.0,10.7,0.005000000000000001
Jose Johnson,140001013,Bantamweight,1995-05-25T00:00:00,72.0,135.0,72.0,12,7,0,0,12,3,6,9,0,3,0,2.9,79.4,0.0,0.0,0.0,0.0,0.0,0.0
Sodiq Yusuff,140000237,Featherweight,1993-05-19T00:00:00,69.0,145.0,71.0,11,2,0,0,1,0,0,0,0,0,0,0.5,15.5,0.0,0.0,1.4,1.4,2.0,0.0
Kevin Natividad,140001037,Featherweight,1993-04-02T00:00:00,66.0,135.0,70.0,9,3,0,0,14,8,3,0,0,0,0,7.1,45.0,0.0,0.0,0.0,0.0,0.0,0.0
Nikita Krylov,140000261,Light Heavyweight,1992-03-07T00:00:00,75.0,205.0,77.5,27,8,0,0,12,1,18,7,1,0,0,6.0,79.9,1.9,1.9,10.1,10.1,3.9,21.659999999999997
Miranda Granger,140000515,Women's Flyweight,1992-04-13T00:00:00,67.0,115.0,68.0,7,2,0,0,1,0,6,1,0,0,0,3.5,66.4,0.0,0.0,0.0,0.0,12.1,0.0
Jacob Silva,140000997,Flyweight,1988-02-23T00:00:00,65.0,125.0,67.0,6,5,0,0,13,3,3,5,0,0,0,14.4,72.4,5.2,0.0,0.0,0.0,0.0,0.0
Stephen Thompson,140000221,Welterweight,1983-02-11T00:00:00,72.0,170.0,75.0,16,5,1,0,12,2,2,0,0,2,2,7.0,61.8,0.5,0.0,29.8,29.8,35.7,0.0
Mariya Agapova,140000510,Women's Flyweight,1997-04-07T00:00:00,66.0,125.0,68.5,10,2,0,0,2,1,3,0,0,0,0,3.3,47.1,0.5,0.5,0.0,0.0,0.0,0.825
Nicco Montano,140000463,Women's Flyweight,1988-12-16T00:00:00,65.0,143.0,65.0,5,3,0,0,1,0,0,0,0,0,0,2.7,33.0,1.1,0.2,0.0,0.0,5.9,0.5940000000000002
Andre Muniz,140000524,Middleweight,1990-02-17T00:00:00,73.0,186.0,78.0,21,4,0,0,11,11,23,0,0,0,0,5.7,122.2,8.2,6.2,0.0,0.0,13.0,289.78799999999995
Anderson Dos Santos,140000418,Featherweight,1985-07-24T00:00:00,65.0,135.0,70.0,21,9,0,0,5,4,12,2,1,0,0,2.5,30.4,0.9,0.6,0.0,0.0,0.0,1.3499999999999999
Norma Dumont,140000891,Women's Featherweight,1990-10-01T00:00:00,67.0,145.0,67.0,7,1,0,0,0,1,2,0,0,0,0,3.9,52.2,1.4,0.0,0.0,0.0,33.2,0.0
Ignacio Bahamondes,140001067,Welterweight,1997-08-27T00:00:00,75.0,154.0,75.5,12,4,0,0,9,0,0,2,0,0,0,7.5,45.4,0.0,0.0,12.4,12.4,0.0,0.0
Ty Flores,140000954,Light Heavyweight,1993-12-22T00:00:00,75.0,205.0,73.0,8,3,0,0,1,1,2,0,0,0,0,1.4,31.6,0.7,0.0,0.0,0.0,0.0,0.0
Brett Johns,140000735,Bantamweight,1992-02-21T00:00:00,67.0,135.0,71.0,17,3,0,0,1,0,4,0,1,0,0,2.0,53.7,3.4,0.7,0.0,0.0,13.2,4.76
Fabricio Werdum,140000720,Heavyweight,1977-07-30T00:00:00,76.0,241.0,77.0,24,9,1,1,1,0,1,0,0,0,0,0.4,20.5,0.2,0.1,2.0,2.0,2.0,0.008000000000000002
Tony Kelley,140001001,Featherweight,1987-01-21T00:00:00,69.0,136.0,70.0,7,2,0,0,3,0,5,0,0,2,0,7.4,77.0,0.0,3.2,0.0,0.0,14.2,0.0
Anthony Smith,140000147,Light Heavyweight,1988-07-26T00:00:00,76.0,205.0,76.0,36,16,0,0,10,3,4,1,1,0,0,0.9,27.6,0.1,0.2,3.4,3.4,0.6,0.018000000000000002
Vince Morales,140000319,Bantamweight,1990-11-12T00:00:00,67.0,136.0,70.0,10,5,0,0,6,1,3,3,0,0,0,5.7,46.0,0.3,0.0,0.0,0.0,15.1,0.0
Sasha Palatnikov,140001086,Welterweight,1989-03-15T00:00:00,73.0,170.0,72.5,6,4,0,0,2,1,0,1,0,0,0,4.7,49.9,0.5,0.0,7.0,7.0,0.0,0.0
Stefan Struve,140000121,Heavyweight,1988-02-18T00:00:00,83.0,265.0,84.5,33,13,0,0,13,14,29,3,0,0,0,7.9,75.7,1.4,4.3,17.3,17.3,11.1,47.558
Youssef Zalal,140000895,Featherweight,1996-09-04T00:00:00,70.0,145.0,72.0,10,5,0,0,3,0,8,0,0,0,0,4.0,72.3,3.7,1.9,0.0,0.0,25.3,28.12
Michel Pereira,140000357,Welterweight,1993-10-06T00:00:00,73.0,170.0,73.0,26,11,0,2,1,0,1,0,0,0,0,0.4,19.1,0.2,0.1,0.3,0.3,0.5,0.008000000000000002
Bryan Barberena,140000090,Welterweight,1989-05-03T00:00:00,72.0,170.0,72.5,15,8,0,0,12,3,3,2,0,0,0,8.0,74.9,0.3,0.6,16.1,16.1,10.7,1.44
Cameron Else,140001044,Bantamweight,1991-04-27T00:00:00,69.0,135.0,71.0,10,5,0,0,3,2,2,1,0,0,0,1.0,33.9,0.0,0.0,0.0,0.0,0.0,0.0
Herbert Burns,140000526,Featherweight,1988-02-02T00:00:00,69.0,149.0,73.0,11,3,0,0,2,2,11,0,0,0,0,3.0,81.3,8.2,4.9,12.6,12.6,0.0,120.53999999999999
Chase Hooper,140000820,Featherweight,1999-09-13T00:00:00,73.0,145.0,74.0,10,2,1,0,2,0,4,0,0,0,0,2.8,49.8,0.7,1.6,5.6,5.6,5.6,3.1359999999999997
Felicia Spencer,140000365,Women's Featherweight,1990-11-29T00:00:00,66.0,145.0,68.0,9,3,0,0,1,0,1,0,0,0,0,0.8,31.9,0.3,0.1,4.2,4.2,0.0,0.024
Marcin Prachnio,140000700,Light Heavyweight,1988-07-14T00:00:00,75.0,205.0,74.0,15,5,0,0,1,0,0,0,0,0,0,0.5,14.8,0.0,0.0,0.4,0.4,0.4,0.0
Jake Matthews,140000628,Welterweight,1994-08-19T00:00:00,71.0,169.0,73.0,17,5,0,0,8,2,14,6,0,0,0,6.1,77.6,3.9,1.2,0.0,0.0,32.4,28.548
John Dodson,140000115,Bantamweight,1984-09-26T00:00:00,63.0,135.0,66.0,22,12,0,0,8,0,1,0,1,1,0,2.2,36.5,0.5,0.0,12.2,12.2,8.0,0.0
Dwight Grant,140000112,Welterweight,1984-09-14T00:00:00,73.0,170.0,76.0,11,4,0,0,2,0,0,0,0,0,0,0.9,19.0,0.2,0.0,3.8,3.8,3.8,0.0
Thomas Almeida,140000667,Bantamweight,1991-07-31T00:00:00,67.0,136.0,70.0,22,5,0,0,28,8,10,0,3,0,0,12.7,70.8,0.4,0.0,24.0,24.0,9.7,0.0
Jacob Malkoun,140001045,Middleweight,1995-08-26T00:00:00,69.0,186.0,73.0,5,1,0,0,1,0,0,0,0,0,0,0.7,42.0,3.1,0.8,0.0,0.0,10.5,1.736
Austin Lingo,140000896,Featherweight,1994-07-10T00:00:00,70.0,145.0,70.0,9,1,0,0,4,0,3,0,0,0,0,5.3,51.2,0.9,0.0,0.0,0.0,23.0,0.0
Kevin Aguilar,140000230,Featherweight,1988-09-07T00:00:00,67.0,145.0,73.0,17,5,0,0,5,1,1,0,2,1,0,2.0,33.2,0.1,0.0,0.0,0.0,6.8,0.0
Drako Rodriguez,140001022,Bantamweight,1996-06-16T00:00:00,68.0,136.0,69.0,7,3,0,0,5,5,11,0,0,0,0,9.2,67.4,8.0,2.0,0.0,0.0,0.0,147.2
Sarah Alpar,140000545,Women's Bantamweight,1991-06-01T00:00:00,64.0,125.0,63.0,9,6,0,0,6,3,6,6,3,0,0,6.6,86.1,4.5,1.1,0.0,0.0,0.0,32.67
Jessin Ayari,140000868,Lightweight,1992-05-31T00:00:00,72.0,155.0,73.5,16,6,0,0,0,0,1,0,0,0,0,0.4,12.8,0.0,0.0,0.0,0.0,0.5,0.0
Israel Adesanya,140000074,Middleweight,1989-07-22T00:00:00,76.0,185.0,80.0,21,1,0,0,26,0,0,0,15,3,0,11.9,92.3,0.0,0.7,31.6,31.6,47.4,0.0
Tom Breese,140000749,Middleweight,1991-09-26T00:00:00,75.0,186.0,73.0,12,3,0,0,9,2,11,2,0,0,0,6.0,76.2,0.0,1.9,35.7,35.7,11.9,0.0
Bruno Silva,140000622,Flyweight,1990-03-16T00:00:00,64.0,126.0,65.0,12,5,2,1,9,2,5,2,0,0,0,5.4,73.4,5.2,0.0,13.4,13.4,0.0,0.0
Francis Ngannou,140000098,Heavyweight,1986-09-05T00:00:00,76.0,263.0,83.0,16,3,0,0,13,0,5,0,1,1,1,2.9,48.9,0.2,0.5,50.4,50.4,0.0,0.29
Jimmie Rivera,140000085,Featherweight,1989-06-29T00:00:00,64.0,135.0,68.5,23,5,0,0,8,2,4,0,4,0,0,8.3,62.6,1.8,0.2,7.4,7.4,30.8,2.9880000000000004
Stipe Miocic,140000558,Heavyweight,1982-08-19T00:00:00,76.0,234.0,80.0,20,4,0,0,4,1,0,0,2,1,0,1.5,34.3,0.6,0.0,20.6,20.6,11.4,0.0
Matt Dixon,140000985,Welterweight,1995-10-09T00:00:00,70.0,170.0,75.0,9,1,0,0,2,0,0,0,1,0,0,0.7,25.4,1.0,0.0,0.0,0.0,0.0,0.0
Joel Alvarez,140000100,Lightweight,1993-03-02T00:00:00,75.0,157.0,77.0,19,2,0,0,4,1,19,0,0,0,0,5.7,65.0,0.0,2.1,11.4,11.4,0.0,0.0
Marcos Rogerio de Lima,140000122,Heavyweight,1985-06-25T00:00:00,73.0,259.0,75.0,19,8,1,0,15,1,4,8,0,0,0,4.7,79.2,1.6,0.8,21.1,21.1,10.0,6.016000000000001
Kyler Phillips,140000890,Bantamweight,1995-06-12T00:00:00,68.0,135.0,72.0,9,2,0,0,1,0,0,0,0,0,0,1.2,25.3,0.7,0.1,4.1,4.1,4.1,0.084
Chris Fishgold,140000109,Featherweight,1992-06-06T00:00:00,68.0,149.0,68.0,18,4,1,0,1,0,4,0,1,0,0,0.6,19.2,0.8,0.4,0.0,0.0,0.0,0.192
Khabib Nurmagomedov,140000601,Lightweight,1988-09-20T00:00:00,70.0,155.0,70.0,29,0,0,0,14,0,19,0,12,0,0,12.5,101.3,16.3,2.4,12.1,12.1,36.2,489.0
Joseph Benavidez,140000019,Flyweight,1984-07-31T00:00:00,64.0,125.0,65.0,28,8,0,0,12,3,11,2,0,8,0,5.3,48.9,2.1,0.9,20.5,20.5,37.6,10.017000000000001
Evan Dunham,140000722,Lightweight,1981-12-18T00:00:00,70.0,150.0,70.0,18,9,1,0,4,5,8,3,0,0,0,6.9,51.0,2.4,1.3,4.6,4.6,32.6,21.528
Korey Kuppe,140001033,Welterweight,1989-01-23T00:00:00,77.0,170.0,77.0,8,4,0,0,3,5,11,0,0,0,0,1.9,119.3,0.0,2.6,0.0,0.0,0.0,0.0
Ottman Azaitar,140000596,Lightweight,1990-02-20T00:00:00,68.0,155.0,71.0,13,0,0,0,9,0,2,0,0,0,0,7.6,54.5,0.0,0.0,14.6,14.6,0.0,0.0
Joe Duffy,140000182,Lightweight,1988-02-18T00:00:00,70.0,155.0,73.0,16,5,0,0,9,2,15,5,0,0,0,6.2,52.2,2.2,1.7,11.0,11.0,11.0,23.188000000000002
Khama Worthy,140000553,Lightweight,1986-10-15T00:00:00,71.0,155.0,74.0,16,9,0,0,15,13,8,3,0,0,0,11.2,82.9,0.0,1.8,10.7,10.7,0.0,0.0
Lauren Murphy,140000517,Women's Flyweight,1983-07-27T00:00:00,65.0,125.0,67.0,15,5,0,0,1,0,0,0,0,0,0,0.5,19.4,0.2,0.0,1.5,1.5,2.9,0.0
Demian Maia,140000047,Welterweight,1977-11-06T00:00:00,73.0,170.0,72.0,28,11,0,0,1,1,6,0,0,1,0,0.7,38.7,1.0,0.4,1.0,1.0,16.3,0.27999999999999997
Jamie Pickett,140000410,Middleweight,1988-08-29T00:00:00,74.0,185.0,80.0,12,6,0,0,3,0,0,1,0,0,0,1.0,32.7,0.5,0.1,1.9,1.9,1.9,0.05
Matt Frevola,140000259,Lightweight,1990-06-11T00:00:00,69.0,155.0,71.0,8,3,1,0,1,2,2,0,0,0,0,2.2,40.5,2.1,0.9,0.0,0.0,15.1,4.158000000000001
Ricardo Ramos,140000029,Featherweight,1995-08-01T00:00:00,69.0,146.0,72.0,15,4,0,0,0,0,1,0,0,0,0,0.5,15.5,0.4,0.1,0.8,0.8,3.0,0.020000000000000004
Jacare Souza,140000309,Middleweight,1979-12-07T00:00:00,73.0,186.0,72.0,26,10,0,0,1,0,2,0,0,0,0,0.3,19.8,0.3,0.2,1.7,1.7,1.3,0.018
Karl Roberson,140000016,Middleweight,1990-10-04T00:00:00,73.0,185.0,74.0,9,4,0,0,5,0,11,11,0,0,0,7.7,100.1,2.5,1.9,12.6,12.6,25.3,36.574999999999996
Derrick Lewis,140000173,Heavyweight,1985-02-07T00:00:00,75.0,264.0,79.0,25,8,0,1,4,1,0,0,0,0,0,0.5,23.3,0.1,0.0,15.8,15.8,2.3,0.0
Aleksa Camur,140000513,Light Heavyweight,1995-09-25T00:00:00,73.0,205.0,74.0,6,2,0,0,0,0,0,0,0,0,0,0.3,17.4,0.0,0.0,0.9,0.9,0.9,0.0
Gabriel Benitez,140000554,Featherweight,1988-06-15T00:00:00,68.0,146.0,71.0,22,10,0,0,6,2,7,1,0,0,0,3.1,36.7,0.1,0.8,4.4,4.4,4.4,0.24800000000000005
Bartosz Fabinski,140000815,Welterweight,1986-04-26T00:00:00,72.0,184.0,75.0,15,5,0,0,8,0,0,4,0,0,0,2.2,79.0,7.1,0.0,0.0,0.0,15.0,0.0
Malcolm Gordon,140000937,Flyweight,1990-05-19T00:00:00,67.0,125.0,71.0,13,5,0,0,1,1,1,0,0,0,0,0.5,28.0,0.3,0.0,0.0,0.0,1.1,0.0
Maycee Barber,140000211,Women's Flyweight,1998-05-18T00:00:00,65.0,125.0,65.0,9,2,0,0,2,0,1,0,0,0,0,2.0,34.1,0.6,0.1,24.0,24.0,4.0,0.12
Andrew Sanchez,140000321,Middleweight,1988-04-08T00:00:00,73.0,185.0,74.0,13,7,0,0,14,10,4,0,4,2,0,8.5,73.3,5.0,0.0,9.9,9.9,28.1,0.0
Marc-Andre Barriault,140000322,Middleweight,1990-02-18T00:00:00,73.0,185.0,74.0,13,4,0,1,14,0,0,0,7,0,0,13.4,75.6,0.8,0.0,12.8,12.8,12.8,0.0
Paul Felder,140000096,Lightweight,1984-04-25T00:00:00,71.0,156.0,70.0,17,6,0,0,2,0,0,0,0,0,0,0.6,20.3,0.0,0.0,2.9,2.9,2.9,0.0
Mara Romero Borella,140000038,Women's Flyweight,1986-06-03T00:00:00,66.0,125.0,69.0,12,9,0,2,6,8,8,6,0,0,0,5.0,73.1,3.6,0.5,0.0,0.0,8.5,9.0
Alex Perez,140000222,Flyweight,1992-03-21T00:00:00,66.0,125.0,65.0,24,6,0,0,15,3,12,12,3,6,0,13.7,99.0,8.6,3.9,11.5,11.5,11.5,459.498
Chase Gibson,140001035,Lightweight,1990-02-07T00:00:00,70.0,155.0,72.0,10,5,0,0,7,2,7,0,0,0,0,5.7,73.7,0.0,0.0,0.0,0.0,0.0,0.0
John Castaneda,140000943,Bantamweight,1991-12-18T00:00:00,66.0,136.0,71.0,18,5,0,0,2,0,1,0,0,0,0,0.9,23.5,0.2,0.0,1.0,1.0,0.0,0.0
Ricardo Lamas,140000395,Featherweight,1982-05-21T00:00:00,68.0,145.0,71.0,20,8,0,0,3,3,3,0,0,1,0,1.7,35.3,1.0,0.5,13.3,13.3,18.7,0.85
Hunter Azure,140000453,Featherweight,1992-03-02T00:00:00,68.0,135.0,69.0,9,2,0,0,7,2,2,0,0,0,0,9.3,90.8,4.7,3.1,0.0,0.0,42.0,135.50100000000003
Klidson Abreu,140000114,Light Heavyweight,1992-12-24T00:00:00,74.0,258.0,75.0,15,5,0,1,12,9,17,0,0,0,0,6.2,86.8,1.9,0.0,0.0,0.0,15.1,0.0
Antonio Arroyo,140000481,Middleweight,1989-07-01T00:00:00,75.0,186.0,73.0,9,5,0,0,7,2,7,3,0,0,0,4.7,94.0,1.9,0.4,0.0,0.0,11.9,3.572
Junior Dos Santos,140000172,Heavyweight,1984-01-30T00:00:00,76.0,246.0,77.0,21,9,0,0,2,1,0,0,0,0,0,0.5,16.5,0.0,0.0,11.1,11.1,1.8,0.0
Jamie Mullarkey,140000624,Lightweight,1994-08-17T00:00:00,72.0,155.0,74.0,14,4,0,0,11,2,4,0,0,0,0,3.7,48.0,4.3,0.5,12.3,12.3,0.0,7.955
Josh Emmett,140000243,Featherweight,1985-03-04T00:00:00,66.0,145.0,70.0,16,2,0,0,9,1,3,0,0,0,0,6.3,49.6,2.1,0.2,20.1,20.1,26.8,2.6460000000000004
Dhiego Lima,140000290,Welterweight,1989-01-31T00:00:00,74.0,171.0,75.0,17,9,0,0,4,5,5,1,1,3,0,3.4,45.5,1.4,0.7,4.2,4.2,12.1,3.332
KB Bhullar,140001046,Middleweight,1991-10-12T00:00:00,76.0,186.0,78.0,8,2,0,0,1,0,0,0,0,0,0,0.8,21.3,0.0,0.0,0.0,0.0,0.0,0.0
Wu Yanan,140000589,Women's Flyweight,1996-04-18T00:00:00,68.0,135.0,66.0,11,4,0,0,1,0,0,0,0,0,0,0.8,21.6,0.1,0.1,0.0,0.0,0.0,0.008000000000000002
Karol Rosa,140000580,Women's Bantamweight,1994-12-30T00:00:00,65.0,135.0,67.0,15,3,0,0,7,0,3,3,0,0,0,10.3,79.7,2.6,0.0,0.0,0.0,29.1,0.0
Gavin Tucker,140000499,Featherweight,1986-06-17T00:00:00,66.0,146.0,66.0,13,2,0,0,5,1,8,0,0,0,0,5.5,54.6,3.7,1.9,0.0,0.0,14.9,38.665
Irene Aldana,140000345,Women's Bantamweight,1988-03-26T00:00:00,69.0,135.0,68.5,13,6,0,0,1,0,1,0,0,0,0,1.1,18.6,0.0,0.0,2.0,2.0,3.0,0.0
William Knight,140000549,Light Heavyweight,1988-04-03T00:00:00,70.0,206.0,73.0,10,2,0,0,14,2,0,0,0,0,0,8.3,116.4,5.5,0.7,38.2,38.2,12.7,31.955000000000002
Jessica Eye,140000403,Women's Flyweight,1986-07-27T00:00:00,66.0,125.0,66.0,15,10,0,1,2,1,1,1,0,1,0,3.1,37.9,0.4,0.4,0.0,0.0,13.7,0.4960000000000001
Impa Kasanganay,140000577,Middleweight,1994-01-17T00:00:00,71.0,170.0,75.0,9,2,0,0,0,1,1,0,0,0,0,1.7,31.0,0.6,0.1,0.0,0.0,15.9,0.10200000000000001
Sean O'Malley,140000711,Bantamweight,1994-10-24T00:00:00,71.0,135.0,72.0,14,1,0,0,8,1,1,0,0,0,0,6.2,54.7,0.5,0.5,29.0,29.0,11.6,1.55
Ludovit Klein,140001042,Featherweight,1995-02-22T00:00:00,67.0,145.0,72.5,17,4,0,0,14,3,14,6,0,0,0,9.8,97.6,10.9,0.0,14.1,14.1,0.0,0.0
Mark Striegl,140001007,Bantamweight,1988-06-23T00:00:00,68.0,135.0,70.0,18,3,0,1,0,1,11,1,0,0,0,2.2,34.0,0.0,0.0,0.0,0.0,0.0,0.0
Junyong Park,140000587,Middleweight,1991-02-27T00:00:00,70.0,185.0,73.0,13,5,0,0,4,1,2,2,0,0,0,3.8,52.7,2.1,0.4,0.0,0.0,15.0,3.192
Alejandro Flores,140001000,Featherweight,1991-08-06T00:00:00,69.0,145.0,74.0,19,3,0,0,12,2,4,4,0,0,0,7.1,56.7,0.0,0.0,0.0,0.0,0.0,0.0
Diego Sanchez,140000131,Welterweight,1981-12-31T00:00:00,70.0,170.0,72.0,31,13,0,0,8,3,5,0,1,1,0,2.1,39.6,1.2,0.6,12.0,12.0,26.0,1.512
Chase Sherman,140000736,Heavyweight,1989-11-16T00:00:00,76.0,256.0,78.0,15,8,0,0,24,12,0,0,0,0,0,10.8,82.6,0.0,0.0,15.0,15.0,13.0,0.0
Jussier Formiga,140000214,Flyweight,1985-04-14T00:00:00,65.0,125.0,67.0,23,8,0,0,0,4,10,0,0,0,0,1.4,56.9,1.8,0.6,0.0,0.0,19.3,1.512
Ashlee Evans-Smith,140000081,Women's Flyweight,1987-07-09T00:00:00,68.0,135.0,67.0,6,5,0,0,0,0,0,0,0,0,0,0.5,13.1,0.1,0.0,1.0,1.0,2.1,0.0
Gloria de Paula,140001065,Women's Strawweight,1995-06-10T00:00:00,65.0,115.0,67.5,5,4,0,0,1,0,0,0,0,0,0,1.7,40.5,0.0,0.5,0.0,0.0,5.4,0.0
Matthew Semelsberger,140001006,Welterweight,1992-11-23T00:00:00,73.0,170.0,75.0,9,3,0,0,2,0,0,0,0,0,0,2.0,28.2,0.3,0.2,5.3,5.3,2.7,0.12
Vanessa Melo,140000612,Women's Bantamweight,1988-03-27T00:00:00,65.0,135.0,65.0,11,8,0,0,0,0,1,0,0,0,0,1.7,21.3,0.0,0.0,0.0,0.0,2.5,0.0
Jimmy Crute,140000066,Light Heavyweight,1996-03-04T00:00:00,74.0,205.0,74.0,12,2,0,0,2,0,2,0,0,0,0,1.8,40.8,2.1,0.9,14.1,14.1,0.0,3.402
Brad Riddell,140000625,Lightweight,1991-09-30T00:00:00,67.0,155.0,71.0,10,1,0,0,11,0,0,2,0,0,0,10.1,86.6,4.2,0.0,0.0,0.0,52.9,0.0
Gillian Robertson,140000108,Women's Flyweight,1995-05-17T00:00:00,65.0,125.0,63.0,9,6,0,0,1,1,4,1,0,0,0,1.3,50.0,1.7,0.6,4.5,4.5,4.5,1.3259999999999998
Li Jingliang,140000591,Welterweight,1988-03-20T00:00:00,72.0,171.0,71.5,18,7,0,0,6,0,3,1,0,0,0,3.1,37.2,0.9,0.0,23.4,23.4,10.0,0.0
Tucker Lutz,140001036,Lightweight,1994-07-12T00:00:00,68.0,145.0,72.0,12,1,0,0,9,1,3,0,0,0,0,7.5,68.3,3.4,0.5,0.0,0.0,28.0,12.75
Mallory Martin,140000562,Women's Strawweight,1994-01-29T00:00:00,64.0,115.0,63.0,7,4,0,0,1,0,1,1,0,0,0,1.3,34.5,1.1,0.2,0.0,0.0,0.0,0.28600000000000003
Roosevelt Roberts,140000303,Lightweight,1994-02-11T00:00:00,74.0,155.0,73.0,10,3,0,1,3,1,5,1,0,0,0,3.0,51.0,1.4,0.9,0.0,0.0,13.9,3.7799999999999994
Ovince Saint Preux,140000260,Light Heavyweight,1983-04-08T00:00:00,75.0,205.0,80.0,25,16,0,0,17,7,12,5,0,2,0,4.4,71.1,2.0,0.9,28.3,28.3,15.7,7.920000000000001
Khamzat Chimaev,140000941,Welterweight,1994-05-01T00:00:00,74.0,171.0,75.0,10,0,0,0,1,0,1,0,0,0,0,2.0,39.7,1.1,1.3,4.6,4.6,0.0,2.8600000000000003
John Makdessi,140000216,Lightweight,1985-05-03T00:00:00,68.0,154.0,68.0,18,7,0,0,4,1,0,0,0,0,0,2.7,36.9,0.0,0.0,5.9,5.9,22.4,0.0
Michael Chiesa,140000444,Welterweight,1987-12-07T00:00:00,73.0,170.0,75.5,18,5,0,0,0,1,11,4,1,0,0,1.8,55.4,3.5,1.0,0.0,0.0,21.4,6.3
Merab Dvalishvili,140000325,Bantamweight,1991-01-10T00:00:00,66.0,135.0,68.0,14,4,0,0,0,0,0,0,0,0,0,0.6,22.1,1.0,0.0,0.7,0.7,12.2,0.0
Bobby Green,140000649,Lightweight,1986-09-09T00:00:00,70.0,155.0,71.0,28,12,1,0,11,3,11,3,0,0,0,8.5,68.3,2.2,0.5,7.5,7.5,24.2,9.350000000000001
Tony Gravely,140000544,Bantamweight,1991-09-28T00:00:00,65.0,135.0,69.0,21,7,0,0,14,2,7,12,5,0,0,10.1,97.8,13.5,1.4,11.1,11.1,8.7,190.89
Elizeu Zaleski dos Santos,140000170,Welterweight,1986-12-11T00:00:00,71.0,170.0,73.0,23,7,0,0,5,0,1,1,0,0,0,1.8,27.4,0.2,0.2,3.8,3.8,10.3,0.07200000000000001
Josh Culibao,140000899,Lightweight,1994-05-24T00:00:00,70.0,146.0,73.0,9,1,1,0,8,2,0,0,0,0,0,4.7,63.2,0.0,0.6,0.0,0.0,11.5,0.0
Roxanne Modafferi,140000281,Women's Flyweight,1982-09-24T00:00:00,67.0,125.0,69.0,25,20,0,0,11,3,14,8,0,8,0,8.0,71.3,3.5,0.2,6.0,6.0,11.0,5.6000000000000005
Cole Williams,140000516,Welterweight,1983-12-15T00:00:00,72.0,175.0,73.0,11,3,0,0,2,0,2,1,0,0,0,0.1,18.6,0.0,0.0,0.0,0.0,0.0,0.0
Kai Kamaka,140001002,Featherweight,1995-01-05T00:00:00,67.0,144.0,69.0,8,4,1,0,0,5,3,0,0,0,0,12.5,97.8,4.8,0.7,0.0,0.0,12.2,42.0
John Phillips,140000186,Middleweight,1985-06-09T00:00:00,71.0,185.0,75.0,22,11,0,1,1,0,0,0,0,0,0,0.1,2.2,0.0,0.0,0.2,0.2,0.0,0.0
Priscila Cachoeira,140000177,Women's Flyweight,1988-08-19T00:00:00,67.0,126.0,65.0,10,3,0,0,11,0,0,2,0,0,0,6.7,55.2,0.0,0.0,20.4,20.4,0.0,0.0
Michael Lombardo,140000426,Welterweight,1990-04-03T00:00:00,72.0,170.0,72.0,12,2,0,1,9,0,7,0,0,0,0,3.4,96.2,5.9,0.0,0.0,0.0,0.0,0.0
Kyle Daukaus,140000427,Middleweight,1993-02-27T00:00:00,75.0,185.0,76.0,10,2,0,1,0,0,11,0,2,0,0,5.6,88.1,3.3,3.3,0.0,0.0,20.4,60.98399999999999
Amanda Lemos,140000886,Women's Strawweight,1987-05-22T00:00:00,64.0,115.0,65.0,10,1,1,0,1,0,0,0,0,0,0,0.9,24.4,0.3,0.1,2.3,2.3,1.1,0.027000000000000003
Ilia Topuria,140001049,Featherweight,1997-01-21T00:00:00,67.0,145.0,69.0,11,0,0,0,7,0,11,0,0,0,0,6.4,76.0,7.7,7.7,27.6,27.6,13.8,379.456
Lando Vannata,140000071,Lightweight,1992-03-14T00:00:00,69.0,146.0,71.0,12,5,2,0,2,0,2,0,0,0,0,2.0,30.8,0.5,0.1,2.2,2.2,4.4,0.1
Melissa Gatto,140000913,Women's Bantamweight,1996-02-05T00:00:00,65.0,124.0,69.0,7,0,2,0,2,0,8,0,0,0,0,13.5,90.1,2.9,0.0,0.0,0.0,0.0,0.0
Natan Levy,140001085,Lightweight,1991-09-30T00:00:00,69.0,155.0,71.0,6,0,0,0,0,0,9,0,0,0,0,4.9,128.0,8.2,8.2,0.0,0.0,0.0,329.47599999999994
Alonzo Menifield,140000009,Light Heavyweight,1987-10-18T00:00:00,72.0,204.0,76.0,11,2,0,0,2,0,0,0,0,0,0,0.8,25.1,0.1,0.1,10.3,10.3,1.5,0.008000000000000002
Ariane Lipski,140000012,Women's Flyweight,1994-01-26T00:00:00,66.0,126.0,67.0,14,7,0,0,2,1,1,0,1,0,0,0.9,25.2,0.0,0.1,0.0,0.0,2.5,0.0
Jessica Andrade,140000349,Women's Strawweight,1991-09-25T00:00:00,61.0,126.0,62.0,22,9,0,0,15,12,12,6,3,9,0,10.7,98.7,8.6,1.1,27.7,27.7,33.2,101.22200000000001
Mark De La Rosa,140000223,Bantamweight,1994-08-31T00:00:00,66.0,135.0,65.0,11,5,0,0,1,1,8,1,0,0,0,4.1,40.4,0.7,0.2,0.0,0.0,8.1,0.574
Aljamain Sterling,140000086,Bantamweight,1989-07-31T00:00:00,67.0,135.0,71.0,20,3,0,0,3,1,10,0,3,0,0,6.2,65.9,2.3,1.1,5.5,5.5,29.4,15.686000000000002
Arman Tsarukyan,140000286,Lightweight,1996-10-11T00:00:00,67.0,155.0,72.5,17,2,0,0,9,1,7,0,0,0,0,5.3,71.7,5.0,0.0,7.8,7.8,19.2,0.0
Polyana Viana,140000126,Women's Strawweight,1992-06-14T00:00:00,65.0,116.0,67.0,12,4,0,0,1,0,3,0,0,0,0,1.3,24.7,0.4,1.2,0.0,0.0,0.0,0.624
Aspen Ladd,140000359,Women's Bantamweight,1995-03-01T00:00:00,66.0,145.0,66.0,9,2,0,0,6,1,1,0,0,0,0,3.6,58.3,1.5,0.7,27.3,27.3,9.1,3.78
Colby Covington,140000521,Welterweight,1988-02-22T00:00:00,71.0,169.0,72.0,16,3,0,0,4,1,7,1,1,3,0,6.1,61.3,6.1,0.2,19.2,19.2,38.4,7.441999999999999
Anthony Pettis,140000220,Lightweight,1987-01-27T00:00:00,70.0,155.0,73.0,24,12,0,0,16,6,14,2,6,4,0,6.2,82.5,1.2,2.2,16.8,16.8,21.0,16.368
Uros Medic,140000952,Lightweight,1993-04-25T00:00:00,73.0,156.0,71.0,7,1,0,0,13,0,5,3,0,0,0,16.9,123.4,0.0,0.0,40.2,40.2,0.0,0.0
Yan Xiaonan,140000394,Women's Strawweight,1989-06-16T00:00:00,65.0,116.0,63.0,13,2,0,1,0,0,0,0,0,0,0,0.6,15.1,0.1,0.0,0.0,0.0,11.8,0.0
Valentina Shevchenko,140000402,Women's Flyweight,1988-03-07T00:00:00,65.0,124.0,66.5,22,3,0,0,13,3,12,0,12,3,0,9.0,112.8,7.3,1.0,26.8,26.8,33.5,65.7
Cameron Church,140000956,Lightweight,1990-09-27T00:00:00,71.0,155.0,72.0,4,1,0,0,1,0,0,0,0,0,0,1.2,22.0,0.0,0.3,0.0,0.0,0.0,0.0
Sam Hughes,140001088,Women's Strawweight,1992-06-28T00:00:00,65.0,115.0,64.5,5,3,0,0,0,0,1,0,0,0,0,1.4,42.9,0.0,0.0,0.0,0.0,0.0,0.0
Christian Aguilera,140000914,Welterweight,1991-11-25T00:00:00,69.0,170.0,72.0,14,8,0,0,11,4,0,2,0,0,0,2.4,40.1,0.0,0.0,4.3,4.3,0.0,0.0
Alan Jouban,140000262,Welterweight,1981-11-25T00:00:00,72.0,170.0,73.5,17,7,0,0,17,8,0,3,0,3,0,14.3,82.9,1.3,0.7,26.5,26.5,26.5,13.013
Khadis Ibragimov,140000584,Light Heavyweight,1995-05-21T00:00:00,75.0,205.0,78.5,8,4,0,0,0,0,1,0,0,0,0,0.8,23.1,0.2,0.1,0.0,0.0,0.0,0.016000000000000004
Paulo Costa,140000556,Middleweight,1991-04-21T00:00:00,73.0,205.0,72.0,13,2,0,0,3,0,0,0,0,0,0,2.0,32.7,0.1,0.0,14.6,14.6,2.0,0.0
Maxim Grishin,140000936,Light Heavyweight,1984-05-02T00:00:00,75.0,210.0,78.0,31,9,2,0,6,1,2,2,0,0,0,1.1,33.2,0.1,0.0,0.9,0.9,0.0,0.0
Julija Stoliarenko,140000874,Women's Featherweight,1993-04-08T00:00:00,67.0,135.0,66.0,9,6,1,0,0,0,1,0,0,0,0,0.2,12.6,0.0,0.0,0.0,0.0,0.0,0.0
Taila Santos,140000037,Women's Flyweight,1993-06-22T00:00:00,66.0,125.0,68.0,18,1,0,0,13,0,3,0,0,0,0,5.9,77.1,4.3,1.3,0.0,0.0,27.0,32.981
Mickey Gall,140000132,Welterweight,1992-01-22T00:00:00,74.0,170.0,74.0,7,3,0,0,0,0,1,0,0,0,0,0.6,26.3,0.3,0.5,0.0,0.0,2.2,0.09
Francisco Trinaldo,140000486,Lightweight,1978-08-24T00:00:00,69.0,170.0,70.0,27,8,0,0,1,0,1,0,0,0,0,0.4,18.2,0.1,0.1,1.5,1.5,10.5,0.004000000000000001
Virna Jandiroba,140000297,Women's Strawweight,1988-05-30T00:00:00,63.0,116.0,64.0,17,3,0,0,0,0,5,0,1,0,0,1.1,35.4,0.9,0.6,0.0,0.0,0.0,0.5940000000000001
Davey Grant,140000644,Bantamweight,1985-12-18T00:00:00,68.0,135.0,69.0,13,5,0,0,4,0,11,6,0,1,0,5.8,61.3,2.9,0.2,13.0,13.0,13.0,3.3640000000000003
Niko Price,140000169,Welterweight,1989-09-29T00:00:00,72.0,170.0,76.0,15,5,0,2,1,0,0,0,0,0,0,0.6,16.4,0.1,0.1,2.1,2.1,0.5,0.006
Mauricio Rua,140000819,Light Heavyweight,1981-11-25T00:00:00,73.0,205.0,76.0,27,12,1,0,32,14,2,7,5,5,0,8.4,93.2,5.0,1.8,80.5,80.5,19.2,75.60000000000001
Guram Kutateladze,140001054,Lightweight,1992-01-08T00:00:00,71.0,155.0,72.0,12,2,0,0,10,0,2,2,0,0,0,5.2,66.8,0.0,0.0,0.0,0.0,10.3,0.0
Ji Yeon Kim,140000623,Women's Flyweight,1989-10-18T00:00:00,67.0,126.0,72.0,9,4,2,0,5,0,7,0,0,0,0,11.6,58.2,0.0,0.0,10.1,10.1,20.2,0.0
Calvin Kattar,140000396,Featherweight,1988-03-26T00:00:00,71.0,145.0,72.0,22,5,0,0,4,0,1,0,0,0,0,2.0,28.2,0.1,0.0,5.9,5.9,3.0,0.0
Jordan Leavitt,140000963,Lightweight,1995-06-02T00:00:00,69.0,155.0,71.0,8,1,0,0,0,0,1,0,0,0,0,0.2,31.8,0.5,0.1,1.8,1.8,0.0,0.010000000000000002
Brad Tavares,140000729,Middleweight,1987-12-21T00:00:00,73.0,184.0,74.0,19,7,0,0,10,6,4,2,0,0,0,6.3,66.8,1.8,0.0,10.8,10.8,64.8,0.0
Anthony Adams,140000811,Middleweight,1988-01-13T00:00:00,73.0,185.0,77.0,9,2,0,0,1,0,0,0,0,0,0,4.2,48.3,0.0,0.0,0.0,0.0,0.0,0.0
Nik Lentz,140000079,Featherweight,1984-08-13T00:00:00,68.0,150.0,68.0,30,12,2,1,11,3,8,2,0,0,0,3.6,61.9,3.5,1.3,7.1,7.1,20.6,16.38
Su Mudaerji,140000586,Bantamweight,1996-01-20T00:00:00,68.0,126.0,72.0,14,4,0,0,18,0,3,11,0,0,0,12.5,87.6,1.1,2.2,15.4,15.4,18.5,30.250000000000007
Miguel Baeza,140000423,Welterweight,1992-08-23T00:00:00,74.0,170.0,74.5,10,2,0,0,5,1,1,0,0,0,0,3.3,42.4,0.3,1.3,13.7,13.7,5.6,1.287
Brady Huang,140000973,Featherweight,1992-12-16T00:00:00,69.0,135.0,69.0,11,2,0,0,8,3,6,0,0,0,0,6.5,44.5,0.0,0.0,0.0,0.0,0.0,0.0
Zhang Weili,140000141,Women's Strawweight,1989-08-13T00:00:00,64.0,115.0,63.0,21,3,0,0,15,2,11,0,5,5,0,12.8,79.3,4.1,0.8,9.7,9.7,19.1,41.984
Dinis Paiva,140001029,Featherweight,1988-05-26T00:00:00,69.0,145.0,71.0,13,8,0,0,11,0,5,10,0,3,0,6.5,65.8,0.0,0.0,0.0,0.0,0.0,0.0
Sijara Eubanks,140000360,Women's Flyweight,1985-04-27T00:00:00,64.0,125.0,67.0,8,6,0,0,8,0,0,0,0,0,0,11.5,78.7,4.9,0.9,11.3,11.3,45.4,50.715
Abubakar Nurmagomedov,140000885,Welterweight,1989-11-13T00:00:00,71.0,170.0,72.0,16,3,1,0,1,0,1,0,0,0,0,0.8,29.7,0.4,0.0,0.0,0.0,1.2,0.0
Mark O. Madsen,140000621,Lightweight,1984-09-23T00:00:00,68.0,156.0,72.0,11,0,0,0,0,0,0,0,0,0,0,0.4,15.5,0.4,0.0,0.9,0.9,1.8,0.0
Sean Strickland,140000741,Middleweight,1991-02-27T00:00:00,73.0,185.0,76.0,24,3,0,0,1,0,0,0,0,0,0,0.5,12.3,0.1,0.0,0.9,0.9,2.2,0.0
Austin Springer,140000771,Featherweight,1987-05-12T00:00:00,68.0,151.0,71.0,12,4,0,0,8,1,2,2,0,0,0,4.1,61.9,3.9,1.0,0.0,0.0,0.0,15.989999999999998
Emil Meek,140000660,Welterweight,1988-08-20T00:00:00,71.0,170.0,74.5,9,5,0,1,6,2,1,0,1,0,0,2.1,51.1,0.2,0.8,0.0,0.0,5.2,0.3360000000000001
Henrique Shiguemoto,140001020,Middleweight,1989-06-22T00:00:00,71.0,185.0,72.0,13,4,1,0,13,0,5,3,5,0,0,6.3,44.1,0.0,0.0,0.0,0.0,0.0,0.0
Shane Young,140000061,Featherweight,1993-07-31T00:00:00,68.0,145.0,72.0,13,6,0,0,11,2,7,0,0,0,0,9.7,58.3,1.5,0.0,9.8,9.8,9.8,0.0
Felice Herrig,140000723,Women's Strawweight,1984-09-18T00:00:00,64.0,115.0,65.0,14,9,0,0,2,0,8,2,0,0,0,7.4,64.7,2.4,1.8,0.0,0.0,18.6,31.968000000000004
Brianna Van Buren,140000458,Women's Strawweight,1993-08-04T00:00:00,60.0,115.0,62.0,9,3,0,0,1,0,2,0,1,0,0,2.4,37.8,1.7,0.0,0.0,0.0,5.8,0.0
Claudia Gadelha,140000441,Women's Strawweight,1988-12-07T00:00:00,64.0,115.0,63.0,18,5,0,0,6,0,12,0,0,3,0,9.5,86.1,8.7,1.9,0.0,0.0,44.1,157.03499999999997
Justin Tafa,140000627,Heavyweight,1993-12-13T00:00:00,72.0,266.0,74.0,4,3,0,0,0,0,0,0,0,0,0,0.3,15.1,0.0,0.0,0.9,0.9,0.0,0.0
Julianna Pena,140000462,Women's Bantamweight,1989-08-19T00:00:00,66.0,135.0,69.0,11,4,0,0,0,0,1,0,0,0,0,0.4,25.4,0.4,0.1,1.9,1.9,2.8,0.016000000000000004
Nicolas Dalby,140000620,Welterweight,1984-11-16T00:00:00,71.0,170.0,74.5,19,4,1,2,7,0,4,0,3,0,1,3.6,49.1,1.4,0.0,0.0,0.0,12.1,0.0
Juan Espino,140000876,Heavyweight,1980-10-09T00:00:00,75.0,257.0,80.0,11,2,0,0,0,0,4,0,0,0,0,1.1,54.1,4.1,1.1,0.0,0.0,0.0,4.961
Bevon Lewis,140000393,Middleweight,1991-05-05T00:00:00,75.0,185.0,79.0,7,3,0,0,6,4,0,0,0,0,0,7.6,62.5,0.0,0.0,0.0,0.0,14.2,0.0
Mike Davis,140000295,Lightweight,1992-10-07T00:00:00,72.0,155.0,72.5,9,2,0,0,5,0,1,1,0,0,0,4.2,45.8,0.5,0.0,6.4,6.4,6.4,0.0
Antonina Shevchenko,140000282,Women's Flyweight,1984-11-20T00:00:00,68.0,125.0,67.0,9,4,0,0,1,0,0,0,0,0,0,1.2,35.4,0.2,0.2,4.8,4.8,2.4,0.048
Kyle Driscoll,140001030,Featherweight,1994-09-23T00:00:00,71.0,145.0,74.0,12,3,0,0,1,0,0,0,0,0,0,0.8,17.6,0.6,0.0,0.0,0.0,0.0,0.0
Daniel Swain,140000968,Featherweight,1991-01-30T00:00:00,69.0,145.0,70.0,20,11,1,0,13,11,20,5,0,0,0,2.1,72.8,0.0,16.1,0.0,0.0,0.0,0.0
Jack Hermansson,140000245,Middleweight,1988-06-10T00:00:00,73.0,186.0,77.0,22,6,0,0,3,1,2,1,1,0,0,1.4,28.9,0.6,0.2,3.0,3.0,3.0,0.168
Roman Bogatov,140000920,Lightweight,1990-12-15T00:00:00,68.0,155.0,73.5,10,1,0,0,0,0,1,0,0,0,0,0.9,22.4,0.3,0.0,0.0,0.0,0.0,0.0
Alex Da Silva,140000274,Lightweight,1996-02-04T00:00:00,68.0,155.0,73.0,21,3,0,0,16,0,10,1,0,0,0,3.0,55.7,3.9,0.6,0.0,0.0,6.0,7.02
Justine Kish,140000671,Women's Flyweight,1988-04-13T00:00:00,65.0,125.0,64.0,7,4,0,0,0,0,3,1,0,0,0,6.1,58.9,1.2,0.2,0.0,0.0,31.8,1.464
Marlon Moraes,140000052,Bantamweight,1988-04-26T00:00:00,66.0,135.0,67.0,23,9,1,0,4,2,2,1,2,1,0,1.4,27.0,0.4,0.1,2.5,2.5,2.5,0.055999999999999994
Jordan Wright,140000772,Middleweight,1991-10-07T00:00:00,74.0,185.0,77.0,12,1,0,1,1,0,0,0,0,0,0,0.6,19.8,0.0,0.0,0.6,0.6,0.0,0.0
Conor McGregor,140000867,Lightweight,1988-07-14T00:00:00,69.0,156.0,74.0,22,6,0,0,28,4,2,9,11,2,0,11.4,82.5,1.4,0.3,41.8,41.8,10.4,4.787999999999999
Gabriel Silva,140000484,Bantamweight,1994-08-26T00:00:00,66.0,135.0,71.0,8,2,0,0,1,0,0,0,0,0,0,0.4,31.2,0.5,0.2,0.0,0.0,0.0,0.04000000000000001
Bryce Mitchell,140000209,Featherweight,1994-10-04T00:00:00,70.0,145.0,70.0,14,1,0,0,0,0,1,0,0,0,0,0.2,17.8,0.2,0.2,0.0,0.0,1.8,0.008000000000000002
Danny Henry,140000179,Featherweight,1988-07-17T00:00:00,72.0,145.0,73.0,12,4,0,0,6,0,6,3,0,0,0,6.6,58.4,0.9,2.8,0.0,0.0,7.9,16.631999999999998
Tyson Pedro,140000688,Light Heavyweight,1991-09-17T00:00:00,75.0,205.0,79.0,7,3,0,0,0,0,0,0,0,0,0,0.2,18.1,0.1,0.1,0.7,0.7,0.0,0.0020000000000000005
Michal Oleksiejczuk,140000120,Light Heavyweight,1995-02-22T00:00:00,72.0,206.0,74.0,16,4,0,1,14,2,2,5,0,0,0,7.7,74.6,1.0,0.0,18.1,18.1,7.6,0.0
Marvin Vettori,140000467,Middleweight,1993-09-20T00:00:00,72.0,205.0,74.0,18,5,1,0,4,0,13,0,0,2,0,9.3,78.1,4.4,1.3,0.0,0.0,36.6,53.19600000000001
Daniel Rodriguez,140000508,Welterweight,1986-12-31T00:00:00,73.0,171.0,74.0,16,2,0,0,11,0,6,0,0,0,0,11.6,62.0,1.2,0.2,13.3,13.3,26.6,2.7840000000000003
Ramiz Brahimaj,140000927,Welterweight,1992-11-17T00:00:00,70.0,171.0,72.0,9,3,0,0,0,2,11,0,0,0,0,4.8,46.9,3.1,1.6,0.0,0.0,0.0,23.808
Spike Carlyle,140000900,Featherweight,1993-05-06T00:00:00,68.0,145.0,71.0,11,3,0,0,1,0,1,0,0,0,0,0.5,24.8,0.7,0.1,1.7,1.7,0.0,0.034999999999999996
Matheus Scheffel,140001059,Light Heavyweight,1992-11-04T00:00:00,74.0,205.0,75.0,14,7,0,0,5,3,0,1,0,0,0,0.7,26.8,0.0,0.0,0.0,0.0,0.0,0.0
Cortney Casey,140000093,Women's Flyweight,1987-05-05T00:00:00,67.0,125.0,67.0,10,9,0,0,2,0,3,1,0,0,0,3.0,40.0,0.2,0.3,3.6,3.6,13.0,0.18000000000000002
Jonathan Martinez,140000054,Bantamweight,1994-04-20T00:00:00,68.0,135.0,70.0,14,4,0,0,1,0,0,0,0,0,0,0.4,14.8,0.0,0.0,1.0,1.0,1.6,0.0
Eduardo Garagorri,140000540,Featherweight,1989-05-28T00:00:00,69.0,145.0,70.0,13,2,0,0,12,0,10,6,0,0,0,10.0,87.7,1.4,0.0,0.0,0.0,11.4,0.0
Raphael Pessoa,140000533,Heavyweight,1989-03-09T00:00:00,75.0,264.0,78.0,10,2,0,0,10,3,3,3,0,0,0,6.3,49.6,0.0,0.0,0.0,0.0,14.2,0.0
Mikey Gonzalez,140000962,Lightweight,1985-08-13T00:00:00,71.0,155.0,74.0,7,2,0,0,4,1,1,0,0,0,0,0.8,15.9,0.0,0.0,0.0,0.0,0.0,0.0
Markus Perez,140000039,Middleweight,1988-06-22T00:00:00,73.0,186.0,73.0,12,6,0,0,4,1,8,0,1,0,0,3.5,55.0,1.1,1.4,0.0,0.0,0.0,5.390000000000001
Dan Hooker,140000487,Lightweight,1990-02-13T00:00:00,72.0,156.0,75.0,21,11,0,0,10,2,7,3,0,0,0,4.8,54.8,0.9,0.2,18.6,18.6,9.2,0.8640000000000001
Kevin Croom,140001017,Lightweight,1987-07-15T00:00:00,71.0,145.0,73.0,21,13,0,1,15,10,16,10,0,2,0,3.4,67.0,2.4,2.4,0.0,0.0,0.0,19.584
Jose Flores,140000955,Lightweight,1988-03-17T00:00:00,72.0,155.0,73.0,9,2,0,0,3,0,5,2,0,0,0,1.4,42.5,0.0,1.1,0.0,0.0,0.0,0.0
Belal Muhammad,140000004,Welterweight,1988-07-09T00:00:00,71.0,170.0,72.0,19,3,0,1,5,1,1,0,1,0,0,6.2,58.0,2.4,0.2,5.8,5.8,40.2,2.976
Robert Whittaker,140000630,Middleweight,1990-12-20T00:00:00,72.0,186.0,73.0,24,5,0,0,1,0,1,0,0,0,0,0.5,14.8,0.1,0.0,1.9,1.9,10.2,0.0
Dominick Cruz,140000907,Bantamweight,1985-03-09T00:00:00,68.0,136.0,68.0,23,3,0,0,10,1,1,1,10,4,0,5.0,46.7,4.1,0.1,5.2,5.2,49.3,2.0500000000000003
Steve Garcia,140000564,Bantamweight,1992-05-22T00:00:00,72.0,155.0,75.0,12,4,0,0,13,0,0,2,0,0,0,9.9,97.3,4.3,1.1,18.6,18.6,0.0,46.827000000000005
Carlos Felipe,140000898,Heavyweight,1995-01-12T00:00:00,72.0,259.0,75.0,11,2,0,0,15,0,0,0,0,0,0,12.4,75.3,0.0,0.0,0.0,0.0,36.8,0.0
Zhalgas Zhumagulov,140000919,Flyweight,1988-08-29T00:00:00,64.0,125.0,66.5,14,5,0,0,12,2,4,0,4,0,0,8.7,75.3,2.9,1.0,0.0,0.0,0.0,25.229999999999997
Aleksei Kunchenko,140000535,Welterweight,1984-05-02T00:00:00,68.0,170.0,72.0,20,3,0,0,13,0,1,0,5,0,0,3.9,45.5,0.3,0.0,0.0,0.0,9.6,0.0
Chan Sung Jung,140000421,Featherweight,1987-03-17T00:00:00,67.0,146.0,72.0,17,6,0,0,16,8,13,0,0,3,0,10.7,81.4,2.2,1.9,28.3,28.3,11.5,44.726
Viviane Araujo,140000333,Women's Flyweight,1986-11-21T00:00:00,64.0,126.0,68.0,10,3,0,0,0,0,0,0,0,0,0,0.3,13.6,0.1,0.0,0.5,0.5,1.6,0.0
Veronica Macedo,140000107,Women's Flyweight,1995-10-30T00:00:00,64.0,135.0,64.0,6,4,1,0,0,0,0,0,0,0,0,0.5,16.1,0.1,0.1,0.0,0.0,0.0,0.005000000000000001
Tracy Cortez,140000509,Women's Flyweight,1993-12-10T00:00:00,65.0,127.0,65.5,9,1,0,0,3,0,3,3,0,0,0,10.6,106.2,8.3,0.7,0.0,0.0,66.5,61.586
Jamey Simmons,140001081,Featherweight,1992-09-11T00:00:00,66.0,136.0,70.0,7,4,0,0,10,5,2,5,0,0,0,1.9,47.0,0.0,0.0,0.0,0.0,0.0,0.0
Julian Marquez,140000792,Middleweight,1990-05-08T00:00:00,74.0,185.0,72.0,9,2,0,0,3,0,2,0,0,0,0,2.4,37.6,0.0,1.9,5.3,5.3,0.0,0.0
Uriah Hall,140000604,Middleweight,1984-07-31T00:00:00,72.0,185.0,79.5,18,10,0,0,15,4,1,0,2,2,0,3.8,55.3,0.6,0.2,22.3,22.3,7.7,0.45599999999999996
Rafael Dos Anjos,140000368,Welterweight,1984-10-26T00:00:00,68.0,156.0,70.0,30,13,0,0,7,3,12,1,3,3,0,5.1,65.8,2.8,0.9,11.3,11.3,31.0,12.851999999999999
Darren Till,140000197,Middleweight,1992-12-24T00:00:00,72.0,185.0,74.0,18,4,1,0,7,1,1,1,0,1,0,1.6,40.7,0.4,0.0,6.3,6.3,14.8,0.0
Louis Cosce,140000957,Welterweight,1995-08-27T00:00:00,69.0,170.0,71.0,7,1,0,0,1,0,1,0,0,0,0,2.2,25.1,0.3,0.0,0.0,0.0,0.0,0.0
Lina Lansberg,140000380,Women's Bantamweight,1982-03-13T00:00:00,67.0,135.0,65.5,10,5,0,0,5,4,0,0,0,0,0,3.5,74.1,0.9,0.2,0.0,0.0,29.8,0.63
Stephanie Egger,140001050,Women's Bantamweight,1988-08-12T00:00:00,66.0,135.0,68.0,6,2,0,0,1,0,0,0,0,0,0,0.4,27.2,0.4,0.0,2.8,2.8,0.0,0.0
Alexander Volkov,140000647,Heavyweight,1988-10-24T00:00:00,79.0,263.0,80.0,34,9,0,0,37,6,9,6,9,3,0,13.8,104.2,1.5,0.4,15.7,15.7,15.7,8.280000000000001
Yorgan De Castro,140000405,Heavyweight,1986-12-19T00:00:00,72.0,261.0,74.0,6,3,0,0,15,3,0,0,0,0,0,7.2,94.4,0.0,0.0,38.1,38.1,0.0,0.0
Andre Ewell,140000419,Featherweight,1988-01-21T00:00:00,68.0,145.0,75.0,17,8,0,0,5,1,3,2,1,0,0,3.2,36.2,0.2,0.1,0.0,0.0,13.6,0.06400000000000002
Tyson Nam,140000608,Flyweight,1983-10-06T00:00:00,67.0,126.0,68.0,20,12,1,0,16,7,2,0,0,2,0,8.1,47.8,0.0,0.0,13.5,13.5,0.0,0.0
Brian Kelleher,140000702,Featherweight,1986-08-19T00:00:00,66.0,136.0,66.0,23,12,0,0,12,1,12,9,0,0,0,5.3,66.2,1.9,1.3,8.3,8.3,8.3,13.091
Kamaru Usman,140000145,Welterweight,1987-05-11T00:00:00,72.0,169.0,76.0,20,1,0,0,16,0,3,3,12,0,0,14.2,112.5,9.1,0.4,33.2,33.2,83.0,51.688
Maki Pitolo,140000450,Middleweight,1990-11-24T00:00:00,70.0,185.0,75.0,13,8,0,0,1,0,1,1,0,0,0,0.9,20.0,0.5,0.1,1.0,1.0,0.0,0.045000000000000005
Chas Skelly,140000602,Featherweight,1985-05-11T00:00:00,71.0,146.0,72.0,18,3,0,1,6,2,14,0,0,0,0,4.0,56.9,3.4,4.8,9.0,9.0,12.8,65.28
Ian Heinisch,140000367,Middleweight,1988-08-05T00:00:00,71.0,185.0,72.0,14,5,0,0,5,1,2,1,1,1,0,3.1,57.1,1.0,0.6,10.2,10.2,10.2,1.8599999999999999
Bill Algeo,140000407,Featherweight,1989-06-09T00:00:00,72.0,146.0,73.0,14,6,0,0,5,0,10,3,6,0,0,10.1,76.2,0.8,0.0,0.0,0.0,8.0,0.0
Omar Morales,140000530,Lightweight,1985-10-17T00:00:00,71.0,145.0,73.0,11,2,0,0,1,0,4,1,0,0,0,2.5,36.3,0.4,0.0,5.7,5.7,19.9,0.0
Kai Kamaka,140001002,Featherweight,1995-01-05T00:00:00,67.0,144.0,69.0,8,4,1,0,0,5,3,0,0,0,0,12.5,97.8,4.8,0.7,0.0,0.0,12.2,42.0
Jim Miller,140000292,Lightweight,1983-08-30T00:00:00,68.0,155.0,71.0,33,16,0,1,9,4,24,5,4,0,0,4.8,65.8,2.9,3.3,10.7,10.7,21.5,45.936
Islam Makhachev,140000285,Lightweight,1991-10-27T00:00:00,70.0,155.0,70.5,21,1,0,0,8,3,16,0,0,0,0,5.8,116.7,8.9,3.3,12.0,12.0,29.5,170.34599999999998
Antonio Carlos Jr.,140000366,Middleweight,1990-03-16T00:00:00,74.0,205.0,79.0,14,5,0,2,0,0,2,0,0,0,0,0.3,21.5,0.5,0.1,0.0,0.0,1.8,0.015
Michael Johnson,140000242,Lightweight,1986-06-04T00:00:00,70.0,155.0,73.5,20,17,0,0,13,5,5,15,0,3,0,11.5,65.5,1.3,0.1,17.9,17.9,31.3,1.495
Randa Markos,140000202,Women's Strawweight,1985-08-10T00:00:00,64.0,115.0,63.0,11,12,1,0,0,0,0,0,0,0,0,0.2,16.1,0.1,0.0,0.0,0.0,2.1,0.0
Pannie Kianzad,140000438,Women's Bantamweight,1991-12-08T00:00:00,67.0,136.0,66.0,16,6,0,0,2,1,0,2,1,1,0,4.3,47.4,0.2,0.1,0.0,0.0,16.3,0.08600000000000001
Manel Kape,140000959,Flyweight,1993-11-14T00:00:00,65.0,129.0,68.0,16,6,0,0,16,0,12,5,2,0,0,9.2,78.1,2.1,0.0,11.3,11.3,0.0,0.0
Kyle Nelson,140000315,Featherweight,1991-04-20T00:00:00,71.0,145.0,71.0,13,4,0,0,5,2,4,1,0,0,0,3.7,42.4,1.0,2.0,6.1,6.1,0.0,7.4
Nassourdine Imavov,140001027,Middleweight,1995-03-01T00:00:00,75.0,185.0,75.0,11,3,0,0,4,0,3,1,0,0,0,3.2,54.4,0.5,1.9,12.3,12.3,5.3,3.04
Zarrukh Adashev,140000915,Flyweight,1992-07-29T00:00:00,65.0,125.0,65.0,4,3,0,0,2,1,0,1,0,0,0,4.2,44.1,0.0,0.6,0.0,0.0,15.6,0.0
Charlie Ontiveros,140000977,Middleweight,1991-07-04T00:00:00,74.0,155.0,74.0,11,8,0,0,1,2,1,0,0,0,0,0.2,25.5,0.0,0.0,0.0,0.0,0.0,0.0
Jared Gordon,140000435,Featherweight,1988-09-06T00:00:00,69.0,155.0,68.0,18,4,0,0,5,3,2,0,0,1,0,4.5,64.8,2.2,0.0,3.9,3.9,21.1,0.0
Brandon Royval,140000910,Flyweight,1992-08-16T00:00:00,69.0,125.0,68.0,12,6,0,0,4,1,11,1,1,1,0,4.7,54.5,1.6,2.4,0.0,0.0,0.0,18.048000000000002
Rani Yahya,140000069,Bantamweight,1984-09-12T00:00:00,66.0,135.0,67.0,27,10,1,1,0,6,37,3,0,3,0,4.8,99.6,8.8,6.1,0.0,0.0,22.4,257.664
Grant Dawson,140000156,Featherweight,1994-02-20T00:00:00,70.0,156.0,72.0,17,1,1,0,8,2,15,0,0,0,0,5.8,86.5,6.3,2.5,9.9,9.9,14.4,91.35
Gina Mazany,140000127,Women's Bantamweight,1988-08-19T00:00:00,66.0,126.0,68.0,7,5,0,0,1,1,0,0,0,0,0,0.8,31.3,1.1,0.1,1.9,1.9,1.9,0.08800000000000002
Gadzhimurad Antigulov,140000270,Light Heavyweight,1987-02-09T00:00:00,71.0,205.0,70.5,20,8,0,0,1,2,5,1,0,0,0,0.7,37.3,1.7,0.5,0.0,0.0,0.0,0.595
Melsik Baghdasaryan,140001015,Featherweight,1992-01-28T00:00:00,69.0,145.0,70.0,7,1,0,0,8,0,0,2,0,0,0,9.8,81.3,0.0,0.0,16.0,16.0,32.0,0.0
Alexa Grasso,140000397,Women's Strawweight,1993-08-09T00:00:00,65.0,125.0,66.0,13,3,0,0,2,0,0,1,0,0,0,2.6,38.0,0.1,0.3,0.0,0.0,22.8,0.078
Jennifer Maia,140000205,Women's Flyweight,1988-10-06T00:00:00,64.0,125.0,64.0,19,7,1,0,1,0,1,0,0,0,0,0.6,17.9,0.0,0.0,0.0,0.0,1.7,0.0
Alexander Munoz,140000825,Lightweight,1990-02-27T00:00:00,69.0,156.0,72.0,6,2,0,0,5,0,3,0,0,0,0,10.7,74.5,8.1,0.0,0.0,0.0,20.6,0.0
Jon Jones,140000146,Light Heavyweight,1987-07-19T00:00:00,76.0,205.0,84.5,26,1,0,1,4,0,3,0,6,0,0,1.8,41.0,0.8,0.2,11.7,11.7,23.4,0.28800000000000003
Oron Kahlon,140000982,Featherweight,1984-11-04T00:00:00,68.0,139.0,70.0,16,1,0,0,1,0,2,0,0,0,0,0.2,27.6,0.0,0.0,0.0,0.0,0.0,0.0
Brendan Allen,140000472,Middleweight,1995-12-28T00:00:00,74.0,185.0,75.0,17,4,0,0,6,1,11,1,2,2,0,4.9,62.8,1.5,1.8,5.7,5.7,10.4,13.23
Amanda Ribas,140000432,Women's Strawweight,1993-08-26T00:00:00,63.0,115.0,66.0,11,2,0,0,3,2,4,0,0,0,0,4.2,52.3,1.8,1.4,0.0,0.0,22.1,10.584
Andrea Lee,140000082,Women's Flyweight,1989-02-11T00:00:00,66.0,126.0,69.5,13,5,0,0,3,0,5,1,3,0,0,6.0,55.0,1.9,0.9,5.8,5.8,17.1,10.26
Frankie Saenz,140000206,Bantamweight,1980-08-12T00:00:00,66.0,135.0,66.0,13,7,0,0,7,9,4,0,0,0,0,8.7,79.6,3.8,0.3,0.0,0.0,37.1,9.917999999999997
Frank Camacho,140000376,Lightweight,1989-05-18T00:00:00,70.0,155.0,73.0,22,9,0,0,19,6,2,2,0,0,0,8.1,57.8,1.4,0.0,3.9,3.9,3.9,0.0
Rafael Alves,140000999,Featherweight,1990-10-10T00:00:00,68.0,155.0,68.0,20,10,0,0,10,4,11,8,0,3,0,2.9,59.0,0.0,2.5,0.0,0.0,0.0,0.0
Dustin Stoltzfus,140000964,Middleweight,1991-11-15T00:00:00,72.0,185.0,75.0,13,3,0,0,4,0,11,2,0,0,0,8.2,81.6,1.1,1.1,13.9,13.9,0.0,9.922
Laureano Staropoli,140000346,Welterweight,1993-02-27T00:00:00,73.0,185.0,71.5,9,5,0,0,1,0,0,0,0,0,0,0.3,12.0,0.1,0.0,0.0,0.0,1.5,0.0
Pedro Munhoz,140000138,Bantamweight,1986-09-07T00:00:00,66.0,135.0,65.0,19,6,0,1,13,0,13,0,5,0,0,14.2,72.9,1.6,1.8,18.5,18.5,18.5,40.896
Jeff Molina,140000998,Flyweight,1997-07-17T00:00:00,66.0,125.0,69.0,10,2,0,0,6,0,10,2,0,0,0,12.1,77.7,0.0,0.0,11.6,11.6,23.2,0.0
Alexandr Romanov,140000903,Heavyweight,1990-12-11T00:00:00,74.0,260.0,75.0,15,0,0,0,2,0,3,0,0,0,0,1.6,34.5,2.0,0.5,2.4,2.4,2.4,1.6
Drakkar Klose,140000552,Lightweight,1988-03-09T00:00:00,69.0,156.0,70.0,11,2,1,0,6,2,0,0,0,0,0,5.8,75.9,2.3,0.0,0.0,0.0,43.7,0.0
Chad Johnson,140000984,Heavyweight,1986-07-22T00:00:00,74.0,215.0,80.0,6,3,0,0,1,0,0,0,0,0,0,1.3,31.8,0.0,0.0,0.0,0.0,0.0,0.0
Jamall Emmers,140000783,Featherweight,1989-07-24T00:00:00,70.0,145.0,74.0,18,6,0,0,8,2,4,2,0,1,0,6.8,59.0,3.3,0.5,0.0,0.0,4.9,11.219999999999999
Luis Saldana,140001063,Featherweight,1991-01-27T00:00:00,71.0,146.0,73.0,15,7,0,0,4,1,4,1,0,0,0,2.8,39.7,0.0,0.2,2.7,2.7,2.7,0.0
Ciryl Gane,140000534,Heavyweight,1990-04-12T00:00:00,76.0,247.0,81.0,10,0,0,0,3,0,2,0,1,0,1,4.4,54.6,0.6,0.2,18.2,18.2,27.3,0.528
Shane Burgos,140000328,Featherweight,1991-03-19T00:00:00,71.0,146.0,75.5,14,3,0,0,6,2,6,0,0,0,0,9.2,60.6,0.3,0.1,12.6,12.6,25.3,0.27599999999999997
Jorge Masvidal,140000196,Welterweight,1984-11-12T00:00:00,71.0,170.0,74.0,35,15,0,0,15,2,2,2,0,3,0,4.0,53.3,1.4,0.3,11.6,11.6,17.4,1.68
Makhmud Muradov,140000619,Middleweight,1990-02-08T00:00:00,74.0,184.0,75.5,25,7,0,0,11,0,1,2,0,0,0,2.4,28.3,0.1,0.1,2.7,2.7,1.4,0.024
Leonardo Santos,140000377,Lightweight,1980-02-05T00:00:00,72.0,155.0,75.0,18,5,1,0,0,0,1,0,0,0,0,0.2,14.2,0.1,0.0,0.6,0.6,0.8,0.0
Alexander Yakovlev,140000273,Lightweight,1984-07-18T00:00:00,75.0,155.0,74.0,24,10,1,0,2,0,2,1,0,0,0,0.4,26.1,0.4,0.0,0.7,0.7,0.7,0.0
Zak Cummings,140000352,Middleweight,1984-08-02T00:00:00,72.0,185.0,75.0,24,7,0,0,3,0,7,1,0,1,0,1.4,28.5,0.4,0.4,1.7,1.7,7.0,0.22399999999999998
Nate Smith,140000967,Flyweight,1995-04-09T00:00:00,66.0,125.0,69.0,6,2,0,0,2,0,6,2,0,2,0,2.4,52.9,0.0,4.2,0.0,0.0,0.0,0.0
Collin Anglin,140000983,Featherweight,1993-02-20T00:00:00,69.0,146.0,71.0,8,3,0,0,3,2,1,0,0,0,0,3.5,43.9,1.7,0.0,0.0,0.0,6.9,0.0
Deron Winn,140000413,Middleweight,1989-06-13T00:00:00,66.0,185.0,70.0,7,2,0,0,11,0,0,3,0,0,0,13.3,88.8,14.0,0.0,0.0,0.0,37.2,0.0
Marc Diakiese,140000183,Lightweight,1993-03-16T00:00:00,70.0,155.0,73.0,14,5,0,0,16,0,3,5,0,0,0,8.2,73.8,5.7,0.0,17.2,17.2,25.8,0.0
Mizuki Inoue,140000588,Women's Strawweight,1994-08-19T00:00:00,63.0,115.0,65.0,14,6,0,0,0,0,8,0,0,1,0,4.3,46.8,0.0,0.0,0.0,0.0,4.3,0.0
Zubaira Tukhugov,140000598,Featherweight,1991-01-15T00:00:00,68.0,146.0,68.0,20,5,1,0,12,3,3,3,0,0,0,8.0,67.7,6.7,0.0,12.7,12.7,19.0,0.0
Journey Newson,140000436,Bantamweight,1989-03-07T00:00:00,65.0,135.0,67.5,9,3,0,1,2,1,2,0,0,0,0,1.8,26.6,0.0,0.6,0.0,0.0,0.0,0.0
Rachael Ostovich,140000018,Women's Flyweight,1991-02-25T00:00:00,63.0,125.0,62.0,4,6,0,0,0,5,4,5,0,0,0,4.5,62.5,3.6,1.4,0.0,0.0,0.0,22.679999999999996
Omari Akhmedov,140000163,Middleweight,1987-10-12T00:00:00,72.0,204.0,71.0,21,7,1,0,9,4,8,3,0,0,0,4.0,50.1,3.5,0.3,9.7,9.7,24.9,4.2
Derek Brunson,140000329,Middleweight,1984-01-04T00:00:00,73.0,186.0,77.0,23,7,0,0,1,0,0,0,0,0,0,0.3,17.4,0.3,0.0,1.9,1.9,1.9,0.0
Carlton Minus,140001005,Lightweight,1993-04-26T00:00:00,70.0,159.0,75.0,10,3,0,1,1,0,0,0,0,0,0,0.9,19.9,0.0,0.0,0.0,0.0,0.0,0.0
Rafael Fiziev,140000269,Lightweight,1993-03-05T00:00:00,68.0,155.0,71.0,10,1,0,0,15,2,2,0,0,0,0,12.9,83.2,1.4,0.0,14.1,14.1,42.4,0.0
Livinha Souza,140000041,Women's Strawweight,1991-03-11T00:00:00,63.0,115.0,63.0,14,4,0,0,4,2,11,0,4,2,0,3.6,88.9,5.2,2.8,0.0,0.0,15.9,52.416000000000004
Taneisha Tennant,140001032,Women's Bantamweight,1989-06-15T00:00:00,67.0,135.0,70.0,5,1,0,0,1,0,0,0,1,0,0,5.0,52.0,0.0,0.0,0.0,0.0,0.0,0.0
Raoni Barcelos,140000334,Bantamweight,1987-05-01T00:00:00,67.0,135.0,67.0,16,2,0,0,12,0,4,2,7,0,0,11.8,84.8,3.9,1.3,16.4,16.4,16.4,59.82600000000001
Martin Day,140000871,Featherweight,1988-11-10T00:00:00,70.0,145.0,73.5,8,6,0,0,6,4,4,2,0,0,0,7.3,61.8,1.3,0.9,0.0,0.0,0.0,8.541
Anthony Ivy,140000912,Welterweight,1990-01-23T00:00:00,74.0,170.0,74.0,8,5,0,0,11,4,6,4,0,0,0,5.4,61.9,10.1,0.0,0.0,0.0,0.0,0.0
Adrian Yanez,140000972,Bantamweight,1993-11-29T00:00:00,67.0,135.0,70.0,14,3,0,0,15,0,6,0,0,3,0,10.3,65.5,0.0,0.0,39.4,39.4,0.0,0.0
Alateng Heili,140000582,Bantamweight,1991-12-14T00:00:00,65.0,136.0,66.0,14,8,2,0,10,8,8,3,0,0,0,7.1,59.9,4.5,0.0,0.0,0.0,13.4,0.0
